Community Name,Population in private households,0 to 14 years,65 to 84 years,85 years and over,Population aged 15 years and over in private households,In the labor force,Employed,Self-Employed,Unemployed,Median income of population aged 15 years and over,Median household income of private households,Private households,Under 0000,0000 to 9999,Population in private households to whom low income concepts are applicable (Number),Population in private households to whom low income concepts are applicable (Number in low income),0 to 17 years (Number),0 to 17 years (Number in low income),18 to 64 years (Number),18 to 64 years (Number in low income),65 years and over (Number),65 years and over (Number in low income),Private households with income,Households spending less than 30% of total income on shelter,Private households with total income greater than zero (Owner),Private households with total income greater than zero (Renter),Per cent households with income spending 30% or more total income on shelter (Owner),Per cent households with income spending 30% or more total income on shelter (Renter),Employed labour force aged 15 years and over in private households,Driver – car truck or van,Passenger – car truck or van,Public transit,Walked,Bicycle,Other methods,Employed labour force aged 15 years and over in private households2,Less than 15 minutes,15 to 29 minutes,30 to 44 minutes,45 to 59 minutes,Employed labour force aged 15 years and over in private households3,Between 5 a.m. and 5:59 a.m.,Between 6 a.m. and 6:59 a.m.,Between 7 a.m. and 7:59 a.m.,Between 8 a.m. and 8:59 a.m.,Between 9 a.m. and 11:59 a.m.,Between 12 p.m. and 4:59 a.m.
Abbeydale,5925,1200,605,50,4725,3115,2650,295,470,$39200,$88000,2000,50,165,5925,705,1450,245,3820,385,650,80,1990,410,1505,495,21%,19%,2335,1785,230,260,15,0,45,2335,345,1260,465,105,2335,290,420,530,300,275,525
Acadia,9915,1280,1555,290,8635,5765,4985,775,780,$41200,$72500,4755,230,815,9915,1225,1475,250,6600,715,1840,260,4730,1225,2675,2085,18%,36%,3840,2735,305,410,240,35,120,3840,1270,1675,565,160,3840,245,735,1050,795,495,525
Albert Park/Radisson Heights,6740,1160,675,80,5580,3415,2905,400,510,$33600,$66000,2790,160,560,6745,1170,1420,325,4560,675,760,165,2785,875,970,1820,26%,34%,2430,1655,195,410,95,45,30,2430,490,1195,435,140,2430,235,500,535,280,360,525
Altadore,7290,1475,565,70,5810,4480,4105,900,375,$71000,$153000,3070,105,235,7285,365,1725,65,4930,245,630,50,3060,570,2080,990,14%,29%,2245,1820,85,120,90,45,85,2245,780,1155,195,40,2245,65,330,770,515,350,215
Applewood Park,6830,1155,700,40,5680,3775,3180,425,595,$36400,$87000,2295,100,290,6830,720,1395,200,4690,435,745,80,2285,620,1415,885,21%,37%,2790,2100,280,320,35,10,35,2790,435,1535,500,150,2790,295,550,490,370,465,620
Arbour Lake,10335,1455,1825,190,8875,5595,4890,885,700,$42400,$108000,3845,125,335,10340,705,1910,155,6405,425,2020,125,3830,635,3285,565,15%,27%,3280,2570,170,270,150,0,115,3280,730,1315,875,225,3280,135,560,850,655,595,495
Aspen Woods,9435,2355,515,25,7075,5065,4490,1055,570,$59600,$182000,3005,45,130,9430,645,2925,225,5970,380,540,35,2985,690,2485,520,21%,31%,2405,1960,105,125,65,10,140,2405,320,1170,735,60,2405,80,345,690,575,480,240
Auburn Bay,18090,5000,915,40,13095,10240,9310,1335,930,$58000,$125000,6240,110,335,18090,955,5675,335,11465,545,955,70,6235,1345,4700,1545,18%,34%,6470,5310,295,250,265,55,300,6470,1465,2835,1615,255,6470,430,1245,1900,1245,815,830
Banff Trail,3805,440,320,45,3360,2420,2045,370,375,$38400,$84000,1655,130,210,3800,465,530,70,2905,340,370,50,1645,390,690,960,20%,27%,1260,775,65,255,85,40,30,1260,275,580,255,50,1260,65,200,315,285,155,235
Bankview,5125,460,350,20,4660,3825,3310,540,510,$41600,$57600,3205,210,865,5125,945,515,140,4235,700,375,105,3180,1050,915,2290,24%,37%,2280,1550,120,270,205,60,65,2280,630,1020,435,80,2280,145,350,615,490,355,325
Bayview,670,115,155,30,550,285,255,80,30,$96000,$296000,245,0,0,670,0,150,0,330,0,190,0,245,40,240,0,15%,0%,115,80,15,10,0,0,0,115,50,45,20,0,115,0,10,30,40,15,20
Beddington Heights,11295,2075,1525,125,9220,6055,5250,785,805,$41600,$90000,4230,80,400,11290,1070,2460,355,7180,555,1655,155,4220,830,3025,1205,16%,28%,4170,3345,265,320,100,0,135,4170,705,2130,955,160,4170,265,790,945,815,620,735
Bel-Aire,400,75,75,15,325,175,155,80,20,$93000,$280000,145,0,0,395,0,90,0,210,0,95,0,145,30,140,0,21%,0%,115,100,0,0,0,0,10,115,60,35,15,0,115,0,0,35,45,30,0
Belmont,800,160,20,0,635,545,515,30,25,$58400,$130000,270,0,0,800,0,195,0,575,0,25,0,270,40,265,0,13%,0%,395,315,40,25,0,0,15,395,60,180,90,30,395,20,75,85,70,40,100
Beltline,25880,1430,1825,220,24445,20035,17600,2305,2435,$48000,$71000,16985,1260,3220,25880,4110,1680,415,22160,3015,2040,680,16780,5675,4315,12670,25%,37%,10695,5360,480,1400,2755,250,450,10695,3190,4950,1620,365,10695,555,1560,2730,2460,1850,1540
Bonavista Downs,830,110,135,15,720,465,415,75,50,$44400,$93000,345,0,0,825,85,130,0,545,60,150,0,350,70,285,60,19%,25%,310,270,10,10,0,0,10,310,90,150,55,10,310,25,35,75,50,50,75
Bowness,10770,1595,1500,140,9180,6145,5350,990,800,$40400,$72000,960,265,960,10775,1485,1880,300,7245,905,1645,285,5020,1425,2650,2410,20%,38%,4060,3175,200,330,145,65,140,4060,875,1675,1085,185,4060,275,800,1015,840,500,635
Braeside,5700,830,980,70,4870,3260,2860,545,400,$45600,$90000,2480,55,280,5700,500,970,115,3675,300,1055,90,2460,510,1890,590,18%,31%,2165,1815,100,170,40,15,30,2165,415,1000,530,80,2165,125,435,580,480,290,255
Brentwood,7410,1020,860,160,6385,4145,3660,580,485,$39600,$85000,3120,285,355,7410,975,1210,105,5175,790,1020,75,3040,825,1745,1380,12%,47%,2350,1555,140,340,160,75,90,2350,645,1070,430,110,2350,100,295,615,535,440,370
Bridgeland/Riverside,6350,850,745,105,5495,4000,3610,655,390,$50000,$76000,3550,190,840,6350,1005,935,160,4570,555,840,290,3530,1065,1630,1915,21%,38%,2145,1375,65,270,255,95,85,2145,615,1030,330,80,2145,110,315,685,445,325,260
Bridlewood,12545,2595,1020,65,9945,7305,6490,820,810,$43200,$105000,4135,85,275,12545,745,3210,300,8245,395,1095,50,4115,895,3360,770,19%,32%,5175,3915,485,525,100,10,140,5175,775,2045,1755,295,5175,410,970,1260,740,610,1185
Britannia,765,90,145,15,670,390,350,120,35,$74000,$248000,295,0,0,760,0,135,0,455,0,175,0,300,50,230,70,13%,36%,210,170,10,0,0,15,15,210,95,95,20,0,210,15,35,25,85,35,15
Cambrian Heights,2000,315,295,65,1690,1135,1050,220,85,$51600,$104000,870,0,95,2005,155,375,0,1270,80,360,40,865,160,545,320,12%,30%,670,475,60,80,25,15,15,670,215,320,110,0,670,15,120,175,180,95,80
Canyon Meadows,7435,1120,1285,105,6315,4210,3720,640,490,$46800,$100000,3085,100,255,7430,515,1310,80,4730,375,1395,60,3080,600,2450,640,16%,34%,2560,1980,145,255,75,10,95,2560,595,1175,545,115,2560,145,440,795,500,360,310
Capitol Hill,4670,800,405,30,3870,2865,2405,470,455,$42000,$71500,2210,160,435,4665,665,875,75,3355,490,435,105,2195,665,985,1220,21%,38%,1560,1075,60,245,90,55,35,1560,335,865,200,35,1560,65,250,395,295,300,255
Carrington,2750,760,55,0,1990,1615,1470,170,145,$52000,$113000,890,0,0,2750,95,870,35,1805,45,75,0,890,235,805,90,27%,22%,1125,985,50,50,10,0,30,1125,80,620,290,45,1125,70,185,230,205,205,220
Castleridge,6130,1210,640,35,4915,3255,2705,445,545,$34000,$87000,1880,50,220,6125,685,1450,250,4010,360,670,80,1850,450,1285,590,24%,23%,2495,1870,175,345,50,10,40,2495,420,1125,615,140,2495,160,430,480,395,440,600
Cedarbrae,5935,940,1025,120,5000,3305,2860,540,445,$45600,$88000,2550,65,245,5935,540,1105,150,3685,305,1140,80,2540,500,1885,665,15%,32%,2235,1835,155,130,40,10,55,2235,450,1045,520,140,2235,145,350,585,530,310,315
Chaparral,12500,2620,1120,70,9875,7170,6345,1105,825,$52400,$134000,4175,70,185,12495,530,3425,205,7885,290,1185,35,4165,750,3795,380,17%,30%,4390,3815,180,200,65,0,135,4390,935,1900,1155,220,4390,295,775,1280,910,500,630
Charleswood,3595,525,615,95,3065,1995,1715,305,280,$50400,$115000,1445,35,100,3590,180,640,15,2250,135,705,35,1445,230,1075,375,10%,32%,1125,870,50,105,25,40,30,1125,335,540,155,35,1125,45,195,280,270,185,140
Chinatown,2250,160,445,200,2095,1175,1055,100,125,$40000,$54400,1445,150,450,2255,610,185,20,1415,210,645,385,1420,525,380,1070,26%,40%,635,235,10,140,235,10,0,635,185,295,95,40,635,0,60,230,150,120,60
Chinook Park,1535,215,310,40,1315,840,765,200,70,$49200,$135000,580,0,20,1530,105,295,25,890,70,350,0,580,95,475,105,11%,38%,500,395,20,35,25,0,15,500,180,215,85,0,500,0,75,130,145,100,45
Christie Park,1880,230,435,40,1650,920,750,190,170,$54800,$149000,700,0,25,1885,70,325,0,1085,40,470,30,700,105,650,50,12%,50%,420,315,10,50,10,10,20,420,60,215,110,30,420,15,90,135,65,45,70
Citadel,10180,1835,975,70,8350,5920,5130,770,785,$44800,$119000,3455,100,255,10175,710,2305,200,6820,400,1055,105,3455,525,3015,440,13%,33%,3570,2925,235,270,40,0,100,3570,735,1520,940,155,3570,195,740,945,615,440,630
Cityscape,5085,1475,240,10,3610,2635,2365,375,270,$39600,$108000,1320,0,20,5090,355,1650,170,3185,170,255,0,1315,395,1185,140,29%,36%,2005,1610,120,225,10,0,35,2005,385,900,500,90,2005,170,280,345,345,340,530
Cliff Bungalow,1805,85,155,15,1725,1415,1190,220,230,$45600,$60400,1185,90,265,1810,240,125,0,1510,185,170,35,1175,405,355,825,25%,39%,760,430,35,55,175,40,25,760,170,410,110,40,760,25,130,165,195,150,95
Coach Hill,3275,495,710,95,2785,1780,1600,340,180,$48000,$96000,1500,35,160,3280,270,595,55,1875,125,805,85,1495,310,1245,255,19%,29%,1000,845,30,45,15,10,60,1000,175,480,275,40,1000,25,145,285,225,175,150
Collingwood,2290,410,280,65,1875,1240,1050,215,190,$48000,$118000,920,55,75,2285,250,485,65,1455,165,350,20,920,190,690,230,15%,40%,575,390,30,60,50,25,20,575,160,315,60,15,575,25,80,140,150,80,90
Copperfield,14095,3565,565,30,10535,8550,7705,910,850,$52400,$110000,5045,55,215,14100,765,4030,345,9475,380,590,45,5045,1145,4045,1000,21%,29%,5885,5070,315,295,70,0,135,5885,1120,2660,1425,310,5885,570,1210,1580,1020,675,825
Coral Springs,5610,750,855,70,4860,3100,2675,555,420,$33200,$121000,1515,0,110,5610,330,925,70,3760,200,925,70,1510,290,1345,165,17%,36%,2255,1905,145,140,15,0,40,2255,410,1110,535,110,2255,185,275,395,430,435,535
Cornerstone,6190,1630,200,0,4560,3650,3255,415,395,$40800,$99000,1800,0,60,6190,395,1830,180,4160,205,195,0,1790,615,1485,310,34%,34%,2780,2335,155,205,15,0,75,2780,435,1355,705,115,2780,210,425,545,435,445,715
Cougar Ridge,7150,1850,445,10,5305,4060,3665,700,385,$58000,$151000,2270,35,65,7150,385,2275,130,4430,220,450,35,2250,450,2025,245,19%,30%,2080,1735,100,100,25,20,100,2080,325,885,685,115,2080,90,295,670,415,345,260
Country Hills Village,2480,285,640,85,2195,1255,1100,135,155,$41200,$70000,1315,45,185,2480,260,345,60,1425,110,715,95,1300,380,865,450,25%,37%,805,625,45,90,20,0,20,805,125,420,160,50,805,65,135,185,185,115,125
Country Hills,3660,610,550,60,3050,2075,1820,255,255,$44800,$97000,1410,30,95,3655,250,695,80,2360,150,605,20,1405,275,1200,205,15%,46%,1300,995,90,115,40,15,45,1300,210,690,255,70,1300,85,220,315,220,240,230
Coventry Hills,17350,3875,990,70,13475,10240,8905,1150,1335,$43600,$114000,5480,110,275,17350,1040,4780,340,11520,580,1055,120,5475,1045,4560,915,18%,26%,7015,5860,500,420,80,10,155,7015,1125,3555,1685,305,7015,485,1330,1815,1140,1075,1170
Cranston,20850,5045,1810,55,15810,11650,10560,1740,1090,$56800,$131000,7210,150,350,20850,1055,5895,375,13095,565,1860,100,7185,1330,6385,830,17%,33%,7320,6370,360,260,125,25,180,7320,1480,3255,1915,370,7320,540,1635,2085,1325,755,975
Crescent Heights,6240,600,660,65,5635,4305,3785,625,525,$48000,$72500,3520,155,625,6235,780,670,95,4840,535,725,150,3480,965,1410,2110,19%,34%,2490,1750,80,245,300,50,60,2490,650,1265,385,90,2490,160,380,670,600,395,285
Crestmont,2275,495,165,0,1775,1355,1215,190,140,$65500,$172000,760,15,0,2270,120,580,0,1530,80,165,0,760,130,720,40,18%,0%,740,660,25,15,10,0,30,740,135,345,210,35,740,25,175,220,160,75,80
Currie Barracks,1275,245,135,10,1035,745,685,145,55,$70500,$133000,570,0,20,1275,45,280,0,855,40,145,0,575,155,390,180,21%,42%,375,295,15,15,15,15,15,375,120,190,45,0,375,10,80,90,100,65,35
Dalhousie,8530,1295,1560,255,7235,4160,3600,505,555,$40800,$85000,3510,155,490,8530,1065,1565,280,5145,620,1820,170,3500,755,2245,1260,16%,32%,2505,1790,125,350,115,40,80,2505,615,1165,460,130,2505,115,325,580,520,475,475
Deer Ridge,3795,795,545,40,3005,2035,1725,315,310,$43600,$94000,1450,35,130,3795,455,890,205,2330,210,580,40,1435,360,1075,370,23%,32%,1290,1045,80,85,25,0,45,1290,290,630,255,75,1290,70,270,375,210,175,190
Deer Run,4910,705,965,25,4205,2750,2410,460,335,$49200,$102000,2080,70,190,4915,310,845,0,3065,230,1000,60,2070,410,1680,405,15%,39%,1695,1440,90,65,50,0,50,1695,345,895,325,60,1695,95,385,460,310,230,215
Diamond Cove,625,60,210,15,570,310,270,95,40,$53600,$135000,260,0,0,630,0,70,0,330,0,230,0,260,35,255,0,14%,0%,145,125,10,0,0,0,10,145,45,75,20,0,145,10,25,55,25,15,15
Discovery Ridge,4330,730,595,35,3600,2385,2065,590,325,$56000,$145000,1635,45,115,4330,270,925,45,2770,175,630,50,1630,355,1320,310,15%,50%,1095,925,50,45,40,0,40,1095,240,610,180,25,1095,40,125,320,250,225,135
Douglasdale/Glen,12920,1920,2120,100,11000,7495,6760,1090,740,$53200,$130000,4885,70,180,12920,525,2350,130,8345,315,2220,85,4870,625,4270,610,10%,33%,4640,3975,245,195,95,0,140,4640,1280,2395,695,110,4640,300,860,1260,990,610,620
Dover,10795,1630,1810,150,9170,5640,4665,625,975,$37600,$69000,4730,230,875,10800,1530,1970,385,6870,755,1960,395,4730,1280,3005,1730,20%,40%,3980,3105,265,445,70,35,70,3980,960,2025,590,210,3980,290,940,1030,540,465,720
Downtown Commercial Core,8225,810,665,55,7415,5420,4570,390,850,$33600,$51200,4925,580,1350,8225,2100,880,205,6625,1545,720,350,4850,1760,380,4540,38%,36%,3275,1055,80,1265,760,20,90,3275,885,1355,615,195,3275,135,460,645,665,685,690
Downtown East Village,3140,165,415,40,2975,2195,2005,235,190,$48800,$68000,2115,150,500,3145,645,215,70,2465,325,455,250,2090,610,565,1545,36%,27%,1000,430,30,225,250,10,55,1000,230,485,170,55,1000,50,170,240,290,150,100
Downtown West End,2825,260,370,45,2565,1855,1660,220,190,$49600,$81000,1625,115,275,2825,460,270,20,2135,350,415,95,1605,470,585,1045,31%,27%,865,375,45,160,240,15,35,865,255,430,135,20,865,90,120,235,195,130,100
Eagle Ridge,260,0,75,0,245,125,115,50,0,$95000,$432000,105,0,0,255,0,0,0,160,0,80,0,100,0,105,0,0%,0%,65,50,0,0,10,0,0,65,40,20,0,0,65,0,10,20,20,15,0
Eau Claire,1875,75,630,35,1800,1065,960,205,100,$71500,$130000,1135,20,135,1880,190,95,0,1115,90,670,75,1130,280,635,495,18%,33%,440,165,35,60,145,0,35,440,140,210,50,15,440,10,45,130,130,80,50
Edgemont,15255,2480,3015,290,12775,7450,6465,1505,985,$42400,$121000,5335,115,415,15255,1385,3115,490,8840,670,3305,225,5325,935,4500,835,14%,37%,3960,3180,285,285,70,35,105,3960,595,2055,890,240,3960,125,510,990,1025,770,545
Elbow Park,3285,700,490,55,2590,1635,1480,600,155,$90000,$288000,1140,15,45,3290,255,870,85,1875,130,545,35,1130,200,1070,75,18%,27%,825,640,60,10,60,30,25,825,410,335,75,10,825,0,80,220,295,185,45
Elboya,1835,315,245,35,1520,965,835,235,125,$47600,$94000,745,25,45,1830,180,385,45,1170,105,275,30,740,210,410,330,20%,39%,550,405,25,25,45,25,15,550,245,205,70,10,550,40,60,150,140,100,55
Erin Woods,6790,1420,575,30,5375,3695,3115,325,585,$40400,$88000,2350,60,235,6790,700,1680,255,4505,380,605,70,2335,450,1690,665,20%,19%,2730,2215,210,205,35,15,50,2730,675,1285,500,95,2730,260,660,560,390,335,535
Erlton,1280,125,160,0,1150,915,845,230,70,$68500,$115000,685,40,20,1280,140,150,0,970,110,160,0,670,165,455,235,25%,23%,470,350,15,35,50,0,10,470,135,220,80,25,470,40,70,145,105,75,25
Evanston,18710,5210,870,80,13500,10465,9495,1335,975,$53200,$127000,5785,130,200,18710,1070,5840,395,11925,575,945,100,5765,1360,5115,670,22%,37%,6465,5580,270,255,125,0,225,6465,830,2910,2095,380,6465,405,1225,1720,1180,855,1080
Evergreen,20780,4275,2125,120,16500,11615,10200,1595,1415,$47600,$122000,6805,135,405,20775,1185,5175,345,13360,710,2245,125,6805,1255,5885,915,16%,33%,7190,5680,540,620,135,15,205,7190,1100,3200,2010,475,7190,460,1280,1860,1455,890,1245
Fairview,3675,575,450,110,3095,2085,1835,275,250,$39600,$84000,1565,75,255,3675,465,685,115,2430,260,560,90,1560,330,1035,530,16%,31%,1455,1110,100,155,50,10,35,1455,460,620,260,35,1455,95,230,365,290,255,230
Falconridge,10325,2495,920,60,7825,5025,4185,630,835,$35600,$83000,3215,95,325,10320,1335,2875,620,6465,615,980,105,3205,715,2010,1205,22%,23%,3690,2765,330,465,45,0,80,3690,590,1600,1005,245,3690,320,715,780,565,410,905
Fish Creek Park,430,0,260,30,425,90,70,25,20,$53600,$92000,265,0,0,430,35,20,0,120,0,290,0,265,60,215,45,16%,56%,50,30,0,0,10,0,15,50,20,20,15,0,50,0,0,20,10,10,10
Forest Heights,5985,1100,720,60,4885,3095,2600,370,495,$35600,$79000,2095,70,280,5990,845,1325,310,3890,430,775,110,2090,525,1385,705,23%,30%,2415,1740,265,315,35,0,50,2415,435,1120,555,110,2415,215,500,505,280,360,560
Forest Lawn,7230,1235,730,100,6000,3525,2675,445,850,$32000,$58000,3000,210,670,7230,1335,1475,350,4925,845,830,135,2980,1010,960,2035,25%,38%,2445,1720,170,360,115,35,40,2445,495,1210,420,135,2445,285,565,485,310,295,505
Garrison Green,1680,425,55,0,1260,1030,935,205,95,$68500,$125000,690,0,40,1685,110,470,0,1140,70,70,0,680,155,425,260,17%,33%,540,425,40,15,20,0,25,540,145,310,60,20,540,25,100,180,115,70,45
Garrison Woods,2860,490,400,35,2370,1665,1495,400,170,$74000,$146000,1270,15,65,2855,175,625,50,1800,110,435,0,1265,195,1020,245,13%,25%,680,525,35,25,45,20,20,680,240,360,60,10,680,25,80,260,150,95,75
Glamorgan,6575,1035,845,135,5540,3700,3310,485,395,$40400,$75000,3100,175,585,6575,1015,1210,255,4375,605,980,160,3085,885,1720,1380,19%,41%,2475,1985,125,220,90,15,40,2475,680,1175,460,70,2475,115,410,665,535,275,470
Glenbrook,7240,1345,735,120,5900,4145,3675,530,470,$43200,$77000,3160,135,450,7240,1010,1570,335,4810,555,865,115,3135,805,1715,1445,19%,34%,2695,1990,165,285,135,50,75,2695,695,1275,480,115,2695,155,415,680,540,480,425
Glendale,2715,435,430,50,2275,1435,1285,260,150,$48000,$117000,1075,0,140,2710,250,530,50,1705,140,485,60,1070,200,825,250,14%,35%,805,605,60,75,30,20,10,805,210,350,195,20,805,25,155,245,165,110,105
Greenview,2100,280,255,35,1820,1300,1075,150,225,$38800,$67000,1075,35,265,2100,305,305,35,1500,210,295,65,1065,300,480,595,19%,36%,875,660,45,120,15,15,15,875,250,390,155,40,875,75,115,200,160,140,180
Greenwood/Greenbriar,1055,120,260,20,940,540,475,90,65,$37200,$57600,600,0,160,1060,210,140,60,635,100,280,50,600,95,500,100,13%,30%,375,285,30,35,0,0,15,375,60,170,110,20,375,25,110,80,55,45,50
Hamptons,7360,840,1510,130,6520,3745,3235,820,515,$41200,$134000,2455,40,155,7355,540,1155,125,4560,300,1645,115,2445,405,2275,185,14%,49%,2075,1695,170,85,50,0,70,2075,290,1070,515,120,2075,65,225,435,525,505,320
Harvest Hills,7805,1195,1000,50,6610,4625,4080,625,545,$42800,$104000,2860,40,235,7805,480,1525,110,5225,250,1055,120,2855,520,2410,455,17%,23%,3050,2400,290,165,50,25,125,3050,670,1395,720,90,3050,195,550,785,530,490,500
Hawkwood,9115,1395,1695,210,7720,4730,4100,890,630,$48000,$123000,3305,0,215,9115,420,1720,110,5495,235,1900,70,3300,435,3040,260,11%,39%,2530,2055,130,165,70,25,80,2530,455,1125,670,110,2530,105,405,720,515,425,365
Haysboro,6960,865,970,170,6090,4290,3740,685,550,$45600,$78500,3440,115,550,6955,675,990,90,4835,430,1135,155,3430,970,1955,1480,18%,42%,2655,2015,105,315,155,15,55,2655,765,1225,460,90,2655,135,425,745,575,410,375
Hidden Valley,11540,2040,1110,85,9500,6780,5985,855,800,$45200,$121000,3830,15,225,11535,695,2605,205,7740,420,1195,75,3830,660,3335,500,15%,31%,4350,3760,250,200,25,10,105,4350,665,2385,1005,130,4350,280,730,1150,855,605,735
Highland Park,4105,595,435,45,3505,2475,2135,350,335,$38400,$65000,2050,110,450,4100,730,650,185,2970,435,485,115,2030,580,695,1355,16%,35%,1545,1095,75,250,80,15,25,1545,355,805,240,70,1545,55,250,435,295,230,285
Highwood,2205,415,205,75,1790,1225,1025,275,195,$42800,$90000,900,0,90,2200,205,510,40,1420,135,275,30,890,200,585,310,15%,35%,735,585,30,50,20,15,35,735,175,400,115,30,735,20,140,220,140,100,120
Hillhurst,5475,825,570,30,4645,3315,2990,600,320,$55600,$93000,2745,180,410,5475,645,985,110,3895,460,595,70,2715,645,1390,1355,14%,34%,1530,860,50,195,250,80,90,1530,455,725,245,45,1530,45,225,430,380,275,175
Hounsfield Heights/Briar Hill,2470,330,440,75,2140,1285,1175,350,110,$49600,$111000,1040,35,145,2470,200,440,0,1510,115,520,80,1035,230,745,295,18%,32%,725,550,30,55,80,0,0,725,210,395,60,25,725,50,95,210,175,115,75
Huntington Hills,13120,2260,2010,235,10865,6695,5550,850,1140,$38800,$78000,5295,220,690,13125,1750,2700,590,8160,940,2260,220,5270,1220,3180,2115,17%,33%,4480,3385,305,530,155,15,85,4480,925,2250,810,215,4480,410,890,980,820,610,780
Inglewood,4130,475,425,40,3660,2775,2510,450,265,$55200,$87000,2290,75,380,4135,485,525,110,3135,290,470,80,2290,610,1285,1000,20%,36%,1560,1140,80,65,120,90,60,1560,515,770,200,45,1560,65,255,490,375,245,135
Kelvin Grove,1805,300,245,50,1500,990,865,190,125,$53200,$88000,840,0,155,1805,180,380,0,1125,95,305,55,840,240,485,355,16%,45%,590,450,35,35,55,0,10,590,200,265,70,30,590,25,90,205,135,80,55
Killarney/Glengarry,7920,1325,655,80,6595,4990,4525,720,465,$52800,$99000,3625,170,435,7925,785,1440,155,5760,520,725,115,3605,820,2170,1460,15%,35%,2760,1975,120,405,140,50,70,2760,735,1355,445,100,2760,110,435,840,610,430,335
Kincora,7030,1465,645,15,5565,4150,3650,540,505,$46400,$107000,2535,60,215,7030,535,1755,120,4620,290,660,130,2525,610,1825,710,20%,35%,2655,2185,185,115,50,0,110,2655,430,1225,715,130,2655,135,495,720,505,385,415
Kingsland,4900,695,490,80,4200,3070,2655,365,415,$38000,$68000,2380,170,410,4900,715,785,100,3540,545,570,65,2370,740,755,1625,21%,36%,2155,1520,145,265,160,0,70,2155,605,1000,375,60,2155,100,310,545,380,345,475
Lake Bonavista,10145,1760,2215,240,8385,5045,4490,1060,555,$58400,$131000,4025,105,255,10145,390,2150,70,5535,230,2460,85,4000,530,3545,480,11%,28%,2855,2395,120,95,105,40,90,2855,885,1365,410,95,2855,120,505,845,665,465,260
Lakeview,5640,1105,920,135,4545,2965,2620,695,345,$51200,$116000,2290,60,235,5640,445,1270,115,3315,250,1055,75,2275,415,1740,545,11%,42%,1630,1295,85,65,75,20,90,1630,575,780,170,35,1630,85,225,400,425,290,200
Legacy,8000,1810,445,0,6190,4960,4510,550,450,$51200,$105000,3050,15,190,8005,455,2035,165,5520,255,450,40,3050,695,2290,760,22%,26%,3395,2980,110,180,40,0,75,3395,360,1530,985,270,3395,285,730,980,555,335,505
Lincoln Park,1590,220,245,45,1370,835,705,80,130,$35600,$57200,930,40,240,1585,435,255,125,1035,180,295,130,925,350,375,550,35%,40%,490,380,25,50,15,0,10,490,145,225,85,25,490,25,75,130,115,80,60
Livingston,3985,980,165,0,3005,2405,2125,270,285,$50800,$116000,1330,0,35,3985,140,1080,0,2735,115,170,0,1325,315,1175,160,22%,31%,1480,1290,80,65,0,0,40,1480,125,700,555,50,1480,70,265,400,320,155,270
Lower Mount Royal,2990,170,230,0,2825,2250,1970,260,275,$44400,$57600,2015,170,485,2995,465,210,30,2555,390,225,50,2000,740,605,1410,37%,37%,1195,730,40,165,195,50,20,1195,305,565,200,55,1195,45,230,265,240,230,185
Macewan Glen,4740,755,810,55,3985,2425,2090,425,330,$43200,$104000,1745,0,120,4745,315,910,105,2965,160,855,40,1740,215,1500,240,11%,17%,1485,1260,110,65,10,0,35,1485,220,815,325,55,1485,65,230,495,265,250,175
Mahogany,13860,4015,895,75,9845,7650,6950,1165,700,$65000,$142000,4715,90,185,13860,630,4370,190,8525,375,965,65,4700,980,4060,655,18%,37%,4665,4030,205,135,115,20,160,4665,760,2315,1090,285,4665,285,965,1550,830,495,540
Manchester,950,130,25,0,820,615,520,35,95,$31400,$44000,580,30,195,950,275,130,55,790,205,25,15,575,225,40,535,50%,38%,425,245,25,95,35,10,10,425,110,175,85,25,425,25,90,60,50,95,105
Maple Ridge,1830,325,380,45,1500,940,825,165,110,$54800,$117000,770,0,25,1825,145,370,50,1040,65,420,25,770,115,725,50,11%,70%,550,480,25,0,35,0,25,550,215,210,120,0,550,15,100,170,135,85,45
Marlborough Park,8290,1530,1205,65,6760,4175,3470,595,705,$36400,$81000,2870,55,345,8285,845,1880,255,5145,475,1265,115,2860,615,2140,730,19%,28%,3070,2455,230,255,35,10,80,3070,555,1590,650,100,3070,255,610,720,470,400,615
Marlborough,8910,1615,1365,120,7295,4355,3660,490,700,$34000,$80000,3060,85,425,8910,1000,1925,305,5505,560,1485,135,3040,695,1990,1075,19%,31%,3265,2340,375,445,40,10,60,3265,645,1555,685,185,3265,295,720,625,425,360,850
Martindale,14540,2995,1250,45,11535,8020,6830,920,1190,$34400,$97000,3945,0,270,14535,1320,3585,485,9650,695,1295,140,3940,875,3080,860,20%,29%,6105,4600,535,800,25,15,130,6105,1050,2605,1690,295,6105,530,955,1220,890,910,1605
Mayfair,410,80,50,30,330,190,175,65,10,$111000,$316000,145,0,0,405,0,120,0,200,0,85,0,145,15,145,0,10%,0%,75,60,0,0,10,0,0,75,30,40,0,0,75,0,10,30,25,0,0
Mayland Heights,5925,990,795,115,4935,3215,2760,425,455,$40800,$73500,2640,65,465,5925,835,1120,270,3895,410,910,150,2635,625,1380,1265,17%,32%,2205,1785,115,170,60,25,50,2205,555,1195,295,90,2205,215,455,590,330,290,325
McKenzie Lake,13290,2340,1590,70,10950,7765,6845,1275,915,$50400,$133000,4600,75,180,13290,770,2905,260,8725,450,1660,65,4590,620,4165,435,12%,26%,4780,4240,195,140,85,10,110,4780,1225,2240,935,220,4780,290,875,1355,905,715,645
McKenzie Towne,17505,3650,1535,130,13850,10585,9535,1330,1050,$51600,$104000,6955,180,500,17500,990,4280,270,11560,560,1660,155,6935,1525,5405,1545,19%,32%,7200,6000,380,325,260,15,220,7200,1650,3445,1430,310,7200,590,1590,2050,1070,825,1075
Meadowlark Park,610,85,65,25,530,375,310,100,70,$60000,$143000,260,0,15,615,60,100,0,410,45,100,0,265,60,215,40,19%,50%,215,165,0,15,20,10,0,215,65,120,30,0,215,0,20,55,65,30,40
Midnapore,6480,1120,1095,90,5355,3575,3115,525,460,$44000,$91000,2715,80,335,6475,560,1300,165,3985,300,1190,95,2695,590,1870,840,13%,41%,2310,1890,120,150,80,15,55,2310,505,980,630,105,2310,120,435,650,490,305,305
Millrise,6655,1110,880,120,5550,3835,3385,510,450,$44400,$98000,2565,55,280,6660,510,1310,135,4345,275,1000,105,2550,530,1975,585,16%,36%,2585,1950,160,290,60,15,115,2585,530,1135,650,125,2585,230,525,605,405,325,490
Mission,4505,215,510,80,4285,3355,2940,455,420,$54000,$72000,3125,155,575,4505,550,240,35,3675,450,585,60,3110,880,965,2165,21%,31%,1765,1090,50,130,395,60,40,1765,540,915,235,25,1765,65,235,545,415,275,230
Monterey Park,10475,1805,1535,105,8665,5415,4605,690,805,$34000,$95000,3150,35,295,10470,845,2275,295,6560,415,1640,140,3145,625,2585,570,16%,37%,4090,3295,390,300,55,0,55,4090,785,1975,985,155,4090,355,645,810,615,675,995
Montgomery,4175,745,460,35,3430,2515,2210,415,310,$48000,$96000,1775,15,235,4180,480,845,160,2835,260,500,60,1775,405,1125,650,19%,30%,1375,1005,65,100,135,45,30,1375,410,600,260,40,1375,75,215,390,245,220,225
Mount Pleasant,6325,1170,590,75,5150,3830,3375,610,455,$52800,$101000,2780,140,315,6320,615,1320,80,4335,440,670,100,2735,605,1730,1045,14%,35%,1895,1345,110,155,150,55,85,1895,555,885,285,65,1895,65,350,570,415,255,240
New Brighton,12885,3425,555,10,9465,7620,6875,1050,750,$54000,$127000,4175,30,175,12890,510,3960,215,8360,270,565,30,4165,795,3600,570,18%,30%,4915,4180,265,275,75,25,95,4915,1065,2320,1015,245,4915,370,1065,1395,775,525,795
Nolan Hill,8755,2365,325,15,6395,4990,4330,570,660,$52000,$129000,2655,60,105,8760,445,2725,155,5695,265,335,25,2640,660,2205,445,24%,31%,2945,2430,155,155,70,0,125,2945,450,1175,945,200,2945,175,555,815,610,395,400
North Glenmore Park,2435,425,390,80,2010,1275,1110,205,160,$51200,$109000,970,25,85,2435,145,495,30,1475,80,465,35,960,190,735,230,17%,28%,725,600,15,40,15,10,50,725,265,335,85,20,725,25,115,200,160,150,75
North Haven Upper,640,110,175,10,530,310,290,70,20,$48400,$120000,255,0,0,645,30,140,0,325,0,180,20,250,25,240,0,8%,0%,200,145,20,25,10,0,0,200,20,115,50,20,200,0,40,35,45,40,35
North Haven,2365,410,425,55,1955,1215,1070,175,145,$48400,$102000,995,0,125,2370,200,490,65,1405,95,475,35,995,130,730,265,10%,23%,650,555,25,35,15,0,20,650,135,350,120,20,650,45,100,155,165,75,105
Oakridge,5620,950,1255,135,4670,2750,2460,505,290,$52000,$112000,2255,35,175,5620,350,1080,110,3150,165,1390,75,2245,360,1955,300,14%,31%,1625,1300,95,105,45,0,75,1625,380,795,325,45,1625,60,260,465,400,225,215
Ogden,8315,1175,1235,120,7140,4750,4090,555,670,$40800,$75500,3735,150,555,8315,1080,1415,340,5545,580,1360,155,3725,910,2245,1495,18%,34%,3445,2735,215,285,60,35,110,3445,1155,1545,505,95,3445,310,740,820,575,385,615
Palliser,3285,365,860,190,2915,1590,1375,280,215,$42800,$75500,1690,60,255,3285,305,450,50,1785,115,1050,135,1675,470,945,750,16%,43%,900,715,65,55,50,0,15,900,235,435,160,25,900,55,185,275,150,120,120
Panorama Hills,25535,5390,2295,165,20145,14280,12115,2025,2160,$39600,$112000,7930,230,605,25535,1825,6570,495,16500,1020,2460,310,7895,1890,6205,1725,21%,35%,8485,6995,585,560,165,0,175,8485,1430,4135,2095,410,8485,545,1325,1915,1520,1585,1590
Parkdale,2300,430,285,25,1870,1375,1190,320,185,$59200,$114000,1015,60,70,2305,270,450,60,1540,155,315,60,1005,215,620,395,15%,32%,700,460,10,30,130,40,30,700,305,300,70,0,700,25,90,235,185,85,75
Parkhill,1770,220,300,10,1550,1095,940,230,155,$55200,$107000,865,0,95,1770,180,270,45,1190,100,310,35,860,200,535,330,17%,35%,590,455,25,40,40,10,25,590,250,250,65,25,590,30,60,160,215,100,20
Parkland,3430,480,960,60,2945,1660,1515,410,145,$52000,$125000,1385,0,75,3425,170,585,20,1820,110,1015,40,1390,195,1300,85,12%,41%,905,805,30,20,15,10,25,905,185,490,170,20,905,35,170,310,180,105,105
Patterson,4145,460,870,65,3685,2320,1960,505,365,$48000,$93000,1905,80,185,4145,370,600,55,2600,235,940,75,1895,490,1360,545,20%,41%,1255,990,50,135,25,10,45,1255,245,590,320,45,1255,90,240,345,225,210,140
Penbrooke Meadows,8235,1500,995,110,6735,4180,3335,550,845,$35200,$73000,3000,90,475,8235,1205,1780,385,5355,705,1100,120,2995,750,1870,1135,21%,32%,3000,2275,260,350,50,0,70,3000,490,1575,650,125,3000,320,645,615,375,405,645
Pineridge,9850,1925,1520,105,7925,4815,4055,575,760,$35600,$76000,3735,90,725,9850,1430,2225,505,6005,670,1615,260,3730,925,2455,1285,18%,38%,3560,2715,310,355,75,0,100,3560,725,1715,740,150,3560,335,715,785,465,515,740
Point McKay,1330,105,325,30,1230,750,690,145,60,$57600,$92000,795,25,80,1335,130,115,0,850,65,365,30,795,215,620,180,24%,36%,450,355,15,15,50,0,0,450,110,240,65,0,450,20,80,145,100,65,40
Pump Hill,1455,230,455,65,1225,590,525,195,65,$57200,$140000,600,0,95,1455,150,275,0,665,60,520,70,590,115,450,150,11%,45%,280,235,10,15,20,0,0,280,70,160,30,10,280,0,30,80,95,55,25
Queens Park Village,375,60,30,0,315,215,170,0,40,$33600,$66000,155,0,0,375,45,70,0,270,30,35,0,155,65,0,150,0%,43%,140,85,10,45,0,0,0,140,30,40,30,20,140,0,10,35,20,15,65
Queensland,4585,745,615,45,3840,2680,2365,390,310,$43600,$91000,1840,25,180,4585,370,860,80,3055,215,665,65,1835,330,1445,390,16%,26%,1900,1525,120,140,55,0,60,1900,430,870,355,95,1900,185,425,505,300,195,290
Ramsay,2155,330,155,35,1820,1470,1275,280,195,$50800,$97000,995,40,165,2150,205,360,0,1595,140,200,40,990,230,550,450,16%,33%,750,490,35,65,90,45,25,750,260,315,130,20,750,30,115,195,180,110,115
Ranchlands,7490,1375,925,75,6115,4140,3625,515,515,$41600,$89000,2940,95,295,7490,800,1620,210,4865,515,1005,75,2930,575,1965,975,16%,27%,2600,2060,190,225,65,15,50,2600,525,1180,600,160,2600,180,465,630,465,410,450
Red Carpet,1745,155,305,40,1595,925,755,80,170,$35200,$59200,920,30,180,1750,295,205,80,1200,165,345,55,915,270,625,295,25%,40%,685,500,60,85,0,0,25,685,125,345,85,45,685,50,215,140,70,60,155
Redstone,9050,2250,485,15,6805,5220,4590,695,625,$39600,$100000,2665,0,150,9050,500,2500,185,6050,280,500,35,2660,810,2085,580,30%,32%,3920,3170,290,320,45,0,90,3920,605,1925,985,180,3920,335,650,720,670,625,920
Renfrew,6580,960,580,80,5620,4360,3890,680,470,$55200,$96000,3245,120,365,6580,550,1090,105,4830,350,660,95,3225,665,1840,1405,16%,27%,2405,1745,110,190,205,70,85,2405,750,1195,330,50,2405,95,330,820,510,335,315
Richmond,5250,865,515,55,4385,3325,3040,655,280,$56000,$113000,2360,65,280,5245,420,985,55,3700,275,565,90,2345,560,1480,875,19%,32%,1760,1315,85,145,115,45,60,1760,590,830,250,25,1760,45,330,530,400,295,165
Rideau Park,675,60,250,0,615,340,320,120,15,$90000,$170000,335,0,15,670,40,85,0,325,25,260,0,335,65,255,85,20%,0%,185,135,15,0,25,0,10,185,100,55,15,0,185,20,25,40,35,60,0
Riverbend,9205,1215,1340,110,7990,5435,4785,750,655,$46800,$118000,3435,65,205,9200,500,1430,75,6315,320,1455,110,3435,520,3090,340,14%,29%,3535,2890,205,195,120,20,95,3535,1110,1815,430,70,3535,280,650,1000,745,450,410
Rocky Ridge,8195,1425,1020,90,6765,4665,4030,710,635,$48000,$118000,3035,80,215,8195,395,1750,50,5330,270,1115,70,3030,570,2480,550,16%,31%,2580,2075,135,155,60,10,140,2580,390,1040,860,195,2580,130,480,710,510,395,355
Rosedale,1495,225,285,25,1275,775,695,190,80,$70000,$184000,590,15,0,1495,95,275,0,915,65,305,0,580,110,520,70,16%,36%,365,255,30,20,50,0,0,365,145,180,35,0,365,0,30,110,70,85,55
Rosemont,1155,155,185,30,1005,640,525,130,115,$48800,$107000,515,0,20,1155,80,175,0,760,40,215,25,515,70,345,170,10%,21%,345,255,20,25,20,20,10,345,90,170,55,0,345,25,70,80,85,55,25
Rosscarrock,3490,535,315,25,2955,2155,1835,300,320,$37200,$68500,1540,70,290,3490,560,680,150,2475,335,335,70,1535,475,545,995,28%,32%,1435,930,80,335,50,20,25,1435,295,625,320,65,1435,130,235,320,215,225,305
Roxboro,415,80,90,10,330,160,155,50,10,$80000,$232000,165,0,0,410,0,95,0,210,0,115,0,160,15,160,0,9%,0%,75,45,0,0,15,15,0,75,25,25,20,0,75,0,20,30,15,10,0
Royal Oak,11580,2315,1205,65,9265,6435,5765,875,675,$48000,$120000,4020,125,310,11580,1015,2900,280,7405,600,1265,130,4010,930,3365,655,20%,43%,3745,3005,190,300,80,20,150,3745,630,1605,1055,275,3745,190,715,950,720,620,545
Rundle,10545,2045,1415,135,8500,5155,4285,605,875,$34800,$83000,3405,90,405,10545,1260,2450,480,6545,595,1550,185,3390,680,2415,995,19%,23%,3825,2755,295,480,175,0,115,3825,930,1630,865,145,3825,320,625,815,565,615,890
Rutland Park,2140,350,415,55,1790,1085,910,205,170,$39600,$80000,925,25,165,2140,255,420,40,1255,140,465,75,915,155,325,605,13%,19%,620,485,40,55,35,0,0,620,165,315,105,15,620,45,100,160,145,65,100
Saddle Ridge,24365,5905,1725,95,18460,12890,11235,1935,1660,$34400,$104000,6000,105,320,24365,1865,6960,725,15590,1045,1815,95,5975,1605,4620,1380,26%,28%,9795,7770,720,1075,45,0,185,9795,1295,4550,2735,615,9795,645,1540,1715,1600,1670,2630
Sage Hill,9345,2155,585,25,7195,5605,5060,605,550,$52000,$106000,3545,90,210,9345,520,2385,150,6345,300,615,70,3520,755,2975,570,20%,29%,3555,3080,155,170,45,0,90,3555,475,1730,990,160,3555,245,665,965,650,415,615
Sandstone Valley,5795,795,1150,115,5000,2960,2555,445,405,$40400,$101000,2125,60,160,5790,475,920,135,3605,230,1270,115,2115,315,1765,360,13%,24%,1940,1570,115,170,35,0,40,1940,380,1020,395,80,1940,105,285,455,430,360,305
Scarboro/ Sunalta West,465,95,55,10,365,240,220,75,20,$56400,$138000,175,0,0,465,0,115,0,270,0,80,0,175,35,160,0,22%,0%,125,105,0,0,15,0,0,125,65,50,0,0,125,0,15,35,20,45,10
Scarboro,1010,170,120,15,840,555,510,185,45,$71000,$268000,350,0,0,1015,0,250,0,615,0,140,0,350,50,305,40,10%,38%,285,190,0,30,30,15,20,285,120,95,45,15,285,0,30,110,75,50,25
Scenic Acres,7850,1075,1635,195,6775,4050,3570,690,475,$52000,$134000,2935,0,165,7855,315,1325,50,4695,185,1830,80,2935,385,2700,235,10%,48%,2195,1810,120,115,70,10,75,2195,430,1025,565,110,2195,95,295,670,500,355,280
Seton,3590,620,260,55,2975,2330,2120,230,210,$47600,$80000,1730,45,205,3595,235,715,40,2555,165,325,30,1715,525,845,885,20%,41%,1665,1375,80,70,105,0,35,1665,395,750,365,70,1665,150,315,425,315,225,245
Shaganappi,1765,260,120,10,1500,1160,1055,250,105,$41600,$83000,830,40,135,1760,210,285,35,1330,160,140,25,825,260,365,465,19%,40%,665,470,45,110,15,10,15,665,180,325,95,25,665,30,75,180,125,175,85
Shawnee Slopes,2020,230,465,80,1790,1075,935,255,140,$49600,$100000,885,20,35,2025,220,265,35,1205,140,550,45,880,195,775,110,19%,36%,550,420,20,75,10,0,20,550,145,210,140,25,550,35,70,135,125,95,100
Shawnessy,9055,1395,1280,60,7660,5220,4530,805,695,$42800,$105000,3250,50,200,9055,680,1715,255,6005,310,1340,125,3235,580,2675,580,15%,33%,3500,2630,275,445,95,0,55,3500,660,1370,980,250,3500,315,670,820,515,505,685
Shepard Industrial,265,10,55,0,255,135,110,15,25,$31600,$61200,145,0,0,270,30,0,0,190,0,65,0,140,20,135,0,15%,0%,90,70,0,0,10,0,0,90,30,45,20,0,90,10,15,20,15,15,20
Sherwood,6520,1475,475,35,5050,3620,3205,595,415,$40400,$108000,2025,30,140,6520,865,1770,335,4240,455,510,75,2020,630,1455,570,28%,41%,2215,1790,125,180,50,0,75,2215,345,960,670,110,2215,105,365,555,380,415,395
Signal Hill,13000,1760,2645,390,11235,6690,5910,1445,785,$45600,$116000,5065,195,440,13000,985,2225,240,7740,515,3030,225,5035,945,4525,545,16%,43%,3770,2945,205,295,155,30,140,3770,840,1880,765,135,3770,85,540,1005,845,820,475
Silver Springs,8570,1430,1770,140,7145,4380,3805,760,570,$48000,$106000,3465,75,250,8570,515,1725,105,4940,355,1905,60,3430,500,2850,610,11%,30%,2535,1995,125,150,90,50,125,2535,640,1130,560,105,2535,160,495,710,520,375,270
Silverado,7975,1975,470,10,6005,4570,4000,580,570,$50400,$125000,2545,0,95,7980,445,2235,150,5265,260,475,40,2545,580,2215,330,22%,28%,2680,2150,170,245,35,0,75,2680,350,1050,805,290,2680,200,490,750,485,270,490
Skyview Ranch,12870,2980,690,45,9890,7695,6700,895,995,$42000,$94000,4295,75,310,12865,970,3355,355,8780,535,730,85,4280,1305,2655,1635,27%,36%,5495,4505,345,450,65,0,135,5495,875,2545,1425,290,5495,415,995,1205,925,720,1240
Somerset,8320,1300,960,140,7020,4800,4170,520,630,$40800,$97000,3085,75,350,8325,585,1630,120,5595,300,1100,160,3070,710,2340,750,19%,35%,3205,2325,295,430,70,10,80,3205,550,1275,955,205,3205,225,640,605,580,515,635
South Calgary,4540,620,345,30,3915,2975,2650,540,325,$55200,$87000,2365,145,325,4535,625,750,150,3420,420,375,55,2345,680,1185,1180,21%,36%,1645,1220,85,120,105,35,80,1645,575,745,205,55,1645,75,285,435,345,275,230
Southview,1550,165,270,40,1385,885,740,135,145,$38400,$70000,760,15,160,1550,220,200,30,1045,135,305,60,755,230,420,340,32%,30%,605,470,45,55,15,10,10,605,140,310,95,20,605,40,95,195,105,95,75
Southwood,6095,935,755,125,5165,3550,2935,590,620,$38800,$80000,2535,90,380,6100,675,1145,195,4065,380,885,95,2525,605,1425,1115,19%,30%,2220,1555,130,370,115,15,35,2220,430,1115,410,135,2220,95,375,580,390,375,405
Springbank Hill,9840,2130,975,60,7710,5330,4715,1160,615,$51600,$152000,3275,95,165,9840,620,2720,175,6085,375,1035,70,3260,725,2750,530,18%,44%,2795,2250,145,200,70,30,100,2795,495,1475,645,100,2795,95,435,850,655,445,305
Spruce Cliff,4195,565,600,80,3630,2315,1975,365,340,$41600,$69000,2220,105,480,4195,900,675,220,2845,545,675,130,2190,675,905,1320,28%,32%,1320,965,70,160,60,30,35,1320,305,605,300,45,1320,50,195,380,270,240,185
St. Andrews Heights,1345,200,245,15,1145,665,615,190,50,$49600,$117000,585,0,65,1345,130,250,0,840,105,260,30,585,160,360,225,11%,53%,430,215,35,25,140,15,0,430,200,190,30,0,430,10,35,155,120,60,50
Strathcona Park,6830,1305,1130,65,5520,3490,3035,730,460,$55600,$142000,2420,20,115,6830,500,1615,135,4015,285,1200,85,2415,360,2215,200,14%,30%,1705,1320,75,180,45,20,70,1705,365,850,365,75,1705,80,205,420,435,340,225
Sunalta,3090,220,130,10,2870,2405,2025,315,385,$40800,$58000,1900,170,395,3090,575,245,60,2695,465,150,45,1885,675,455,1440,24%,39%,1320,755,55,310,135,35,30,1320,300,595,245,65,1320,55,210,305,235,235,280
Sundance,9590,1645,1450,70,7950,5210,4575,900,635,$46000,$129000,3325,50,175,9595,535,2050,155,6025,280,1515,100,3325,510,2980,350,14%,31%,3115,2580,135,175,105,15,105,3115,765,1330,730,150,3115,270,515,1045,525,340,420
Sunnyside,4000,395,345,20,3610,2905,2575,455,330,$46000,$69500,2385,155,430,4000,520,455,55,3180,435,365,35,2355,775,760,1630,20%,39%,1425,775,30,245,240,70,65,1425,380,710,250,15,1425,40,185,420,410,235,135
Taradale,17630,4160,1265,85,13475,9335,8020,1410,1320,$33600,$100000,4465,95,315,17635,1605,4955,650,11325,855,1350,100,4450,1180,3355,1110,25%,31%,7100,5380,615,955,35,10,110,7100,845,3410,1810,510,7100,425,1170,1310,1045,1230,1930
Temple,10525,2145,1415,95,8385,5300,4450,720,850,$36800,$87000,3435,120,325,10525,1205,2575,470,6440,625,1515,110,3425,780,2585,855,19%,34%,3870,2905,370,390,60,10,140,3870,830,1780,810,230,3870,325,660,885,605,560,835
Thorncliffe,8695,1460,1170,250,7235,4490,3805,745,685,$38400,$73500,3615,125,600,8695,1150,1750,355,5530,635,1420,165,3595,855,2085,1530,17%,33%,2935,2115,255,305,105,55,95,2935,685,1460,505,125,2935,165,550,810,490,450,465
Tuscany,19700,4555,1505,130,15145,10945,9830,1580,1120,$57200,$142000,6565,170,345,19700,1090,5700,430,12365,565,1635,100,6540,1020,5840,725,14%,32%,6025,4990,205,445,175,30,185,6025,935,2675,1750,425,6025,300,1205,1790,1200,750,775
Tuxedo Park,5165,725,575,65,4445,3325,2910,410,420,$46400,$85000,2475,160,375,5170,540,800,50,3730,305,635,180,2450,545,1155,1320,13%,30%,1870,1310,140,215,130,35,40,1870,605,905,255,65,1870,120,290,525,395,310,235
University District,960,210,125,35,750,520,435,35,85,$45600,$74500,485,35,60,955,265,210,95,590,160,160,0,460,185,135,350,15%,48%,280,160,40,15,55,0,0,280,80,125,45,10,280,0,20,100,70,50,40
University Heights,2965,395,375,30,2565,1820,1550,240,270,$37200,$65500,1365,160,190,2960,540,465,95,2095,410,405,30,1305,440,385,980,5%,45%,1100,625,60,130,240,15,20,1100,270,615,155,15,1100,35,160,285,280,115,225
Upper Mount Royal,2735,450,405,15,2285,1600,1390,475,210,$79500,$196000,1150,20,115,2740,225,555,50,1755,160,425,0,1145,245,835,315,13%,43%,785,565,20,20,135,20,20,785,365,315,85,15,785,20,110,230,205,145,75
Valley Ridge,5365,875,855,60,4490,2840,2525,485,320,$55200,$151000,1915,25,60,5365,280,1115,85,3325,140,920,55,1910,230,1825,90,10%,56%,1520,1330,85,45,0,10,40,1520,245,720,425,65,1520,80,230,505,305,190,215
Varsity,12040,1730,2370,475,10310,6195,5395,1000,800,$44800,$90000,5415,285,865,12040,1440,2035,240,7150,905,2855,290,5385,1405,3370,2045,16%,43%,3345,2310,200,310,275,120,125,3345,935,1520,680,105,3345,185,425,940,740,520,530
Vista Heights,2300,570,215,10,1735,1140,965,155,170,$36800,$74000,790,0,75,2305,390,670,160,1405,180,220,45,795,220,400,395,23%,33%,820,620,40,90,25,10,40,820,240,355,140,35,820,30,170,170,125,170,145
Walden,7650,1690,400,65,5960,4615,4125,495,490,$50400,$109000,2785,45,225,7650,450,1965,130,5230,260,460,55,2770,745,2275,505,23%,48%,3000,2495,155,180,60,0,105,3000,495,1390,745,200,3000,200,600,910,505,335,455
West Hillhurst,6635,1280,805,80,5355,3925,3615,900,310,$58800,$123000,2825,65,360,6635,505,1465,70,4295,280,875,155,2815,620,1815,1010,15%,34%,2010,1380,125,115,240,120,25,2010,660,915,345,35,2010,55,230,595,490,430,205
West Springs,11560,2930,805,55,8625,6255,5470,1070,790,$62400,$172000,3740,80,155,11555,685,3650,255,7040,375,865,55,3710,630,3295,450,14%,40%,2985,2455,100,210,75,25,120,2985,495,1410,815,105,2985,125,505,900,615,385,460
Westgate,3225,530,480,100,2700,1760,1575,255,190,$43200,$90000,1370,0,180,3225,290,595,55,2055,170,575,60,1370,265,985,385,16%,29%,1115,855,75,105,20,20,45,1115,275,525,250,35,1115,65,185,300,245,195,130
Whitehorn,11085,2115,1540,75,8975,5490,4640,705,855,$34800,$88000,3460,90,320,11085,1085,2475,355,6995,605,1620,125,3455,680,2450,1015,17%,25%,3950,2855,345,600,90,0,60,3950,915,1700,895,185,3950,355,550,850,540,605,1050
Wildwood,2765,595,440,40,2170,1435,1280,350,155,$63200,$148000,1080,0,60,2765,115,665,0,1615,70,480,25,1085,145,920,160,9%,38%,780,610,25,45,40,45,20,780,220,415,95,30,780,15,145,255,155,120,85
Willow Park,5090,810,965,175,4280,2605,2305,555,300,$46400,$108000,2100,40,250,5090,460,975,105,2980,270,1140,90,2100,380,1650,455,15%,30%,1415,1130,95,105,65,0,15,1415,435,675,220,45,1415,75,280,370,255,190,240
Windsor Park,4410,540,590,105,3865,2860,2560,435,295,$42000,$67000,2395,125,540,4410,610,605,85,3120,350,690,180,2375,765,895,1500,24%,37%,1830,1225,80,230,215,35,45,1830,555,815,265,105,1830,95,240,505,330,320,340
Winston Heights/Mountview,3605,545,435,60,3060,2300,2015,425,280,$50400,$97000,1655,55,240,3605,340,615,0,2500,190,490,120,1645,375,970,680,15%,34%,1200,910,50,135,70,20,20,1200,380,555,145,60,1200,65,225,355,250,170,130
Wolf Willow,525,90,10,0,435,375,350,25,30,$57200,$112000,210,0,0,525,0,110,0,400,0,15,0,215,40,210,0,19%,0%,290,230,25,10,0,10,15,290,50,160,50,15,290,25,80,75,30,35,40
Woodbine,8745,1430,1665,80,7315,4615,3960,860,660,$48400,$115000,3325,80,170,8745,565,1710,190,5290,290,1745,80,3315,540,2990,335,14%,36%,2605,2250,95,125,50,0,75,2605,395,1285,680,120,2605,110,455,745,565,340,390
Woodlands,5830,1065,1150,80,4770,2940,2540,560,400,$46000,$95000,2340,25,250,5830,535,1290,220,3315,260,1230,55,2340,450,1680,660,14%,33%,1755,1400,115,135,40,10,55,1755,320,925,375,55,1755,75,265,580,380,220,235
Yorkville,715,120,50,0,595,430,380,30,50,$45200,$112000,260,0,0,715,0,140,0,520,0,55,0,265,45,245,15,18%,0%,295,215,25,45,0,0,0,295,50,145,45,30,295,10,20,95,75,60,35
