CLASS,CLASS_CODE,COMM_CODE,NAME,SECTOR,SRG,COMM_STRUCTURE,GLOBALID,GLOBALID_GUID,CREATED_DT,MODIFIED_ACTION,MODIFIED_DT,Shape_Length,Shape_Area,sum_Area_SQUAREKILOMETERS,Polygon_Count,Service Coverage,SS_Ser_Cov
Residential,1,ABB,ABBEYDALE,NORTHEAST,ESTABLISHED,2000s,{5FEA6F4C-6FE0-4822-BB3D-DEA208A2277C},{C81B5298-6E3D-47E9-A4A7-BC3DAD6E58D7},10:01.0,MODIFIED ATTRIBUTE,04:44.0,9222.118880843932857,4300270.698651120066643,0,0,0,0
Residential,1,ACA,ACADIA,SOUTH,ESTABLISHED,1960s/1970s,{9766EF4F-CA1B-41C6-918A-FA3BC2D18123},{014B36D2-1114-40AA-B04B-E909E9AD701F},10:25.0,MODIFIED ATTRIBUTE,44:52.0,14488.117753796605029,9824282.480763619765639,0.217225364,3,3.05366E-07,0.060305128
Residential,1,ALB,ALBERT PARK/RADISSON HEIGHTS,EAST,ESTABLISHED,1950s,{853044A6-0A49-4FB2-8C2B-7E9A22147E91},{2AE4E5D3-0A23-44B2-905D-E122B8D3D7E3},10:10.0,MODIFIED ATTRIBUTE,55:12.0,13076.831279742646075,6335590.090222053229809,0.711608407,5,7.89192E-07,0.155853573
Residential,1,ALT,ALTADORE,CENTRE,ESTABLISHED,INNER CITY,{20473696-D86C-4CAF-A2B6-611F7BE2CA01},{31AC3F2E-9AD8-4836-B5BD-5B95E9F4711B},10:10.0,MODIFIED ATTRIBUTE,52:51.0,12690.527547919726203,5377517.945411308668554,0,0,0,0
Residential,1,APP,APPLEWOOD PARK,EAST,ESTABLISHED,2000s,{0541A08A-2508-4209-89B8-AD1DD6DF78EE},{40E94852-88AA-4A68-90FD-2DB494264583},10:30.0,MODIFIED ATTRIBUTE,04:36.0,8884.462042519000534,3925106.662070456892252,0.158642043,1,2.5477E-07,0.05031325
Residential,1,ARB,ARBOUR LAKE,NORTHWEST,ESTABLISHED,2000s,{A59B2B29-DB2E-49E3-A629-151BB5C26CE0},{9279BBF7-53F6-4911-80D9-5E8B84A4E0B5},43:05.0,MODIFIED ATTRIBUTE,02:02.0,13985.489300886039928,11142510.412688717246056,0.155734639,1,8.97464E-08,0.017723553
Residential,1,ASP,ASPEN WOODS,WEST,DEVELOPING,BUILDING OUT,{B7D4CD44-81DB-4153-A7DA-57874D2F784B},{816FBA76-00D0-425C-A131-ABFB7F5ED6D8},10:03.0,CREATED,11:39.0,14543.448633100140796,10086261.529658038169146,0.063199665,1,9.91448E-08,0.019579591
Residential,1,AUB,AUBURN BAY,SOUTHEAST,COMPLETE,2000s,{AD5CDEAF-C863-463B-BF60-D400A52E3F1F},{DF55AD56-CCFF-4B41-9CBB-E7B05689CEC3},10:06.0,MODIFIED ATTRIBUTE,27:10.0,13285.771835559260580,11355312.653530940413475,0,0,0,0
Residential,1,BNF,BANFF TRAIL,CENTRE,ESTABLISHED,1950s,{C1EE0C9A-5BB4-43CE-8925-FEC0F0400AD9},{DBECF4A1-F737-4C23-AC53-93C9762377B1},10:03.0,MODIFIED ATTRIBUTE,23:28.0,9339.388754087578491,3680897.349925428628922,0.470390187,4,1.08669E-06,0.214605138
Residential,1,BNK,BANKVIEW,CENTRE,ESTABLISHED,INNER CITY,{47B66121-E08E-4387-8471-7A619D345B5F},{41A4F6F5-C60B-46B0-94C2-8E2247492AE4},10:18.0,MODIFIED ATTRIBUTE,57:42.0,5434.381128450391770,1733809.950516358949244,0,0,0,0
Residential,1,BYV,BAYVIEW,SOUTH,ESTABLISHED,1960s/1970s,{129EE948-F15A-4555-8B25-444A4FAC65B1},{CF7F52A1-C623-464E-9110-59DAC384BCE9},10:24.0,MODIFIED ATTRIBUTE,59:55.0,6818.261621216111052,1067703.035816401941702,0.086668123,1,9.3659E-07,0.184962358
Residential,1,BED,BEDDINGTON HEIGHTS,NORTH,ESTABLISHED,1960s/1970s,{AE09C25C-AAEE-4EFE-B5A4-B159BC75E697},{E43821BF-A794-41C8-9BEE-7330BBCB0EE7},10:21.0,MODIFIED ATTRIBUTE,50:08.0,14976.912692633435654,8114302.485206740908325,0,0,0,0
Residential,1,BEL,BEL-AIRE,CENTRE,ESTABLISHED,1960s/1970s,{2D00FCBE-562D-489B-B830-8940CE2549E1},{63C81174-2C63-4DDE-B7AD-6E36FC44D6D6},10:32.0,MODIFIED ATTRIBUTE,54:53.0,4094.478350379900348,849995.461741929058917,0,0,0,0
Residential,1,BLM,BELMONT,SOUTH,DEVELOPING,BUILDING OUT,{0CA86DEA-815E-4B85-A248-46EF410C69AB},{37BAAFFC-3946-45F7-A8E8-844E6F83F86D},07:21.0,MODIFIED SHAPE,44:04.0,15378.795464763816199,7134081.594523979350924,0,0,0,0
Residential,1,BLN,BELTLINE,CENTRE,ESTABLISHED,CENTRE CITY,{084F3A8D-6CB5-4E32-B343-BFACC4AC92A6},{2FE354CB-2F5C-4F2B-B736-F35E41E8C669},10:33.0,MODIFIED ATTRIBUTE,31:06.0,15397.292540919483145,7433016.658760758116841,0.929695041,16,2.15256E-06,0.425097653
Residential,1,BDO,BONAVISTA DOWNS,SOUTH,ESTABLISHED,1960s/1970s,{BBDECAA3-6F1D-4524-AFF8-0C57507BE6AE},{BA45DAD4-0D08-4E12-85B1-1492D6FCA953},10:26.0,MODIFIED ATTRIBUTE,16:54.0,5853.540263636851705,1436187.234199827071279,0,0,0,0
Residential,1,BOW,BOWNESS,NORTHWEST,ESTABLISHED,1950s,{0FB2EDC3-1385-407C-B0CD-1E74CEC5C4C2},{12B21661-46E0-4055-9B62-174A23845AE9},10:16.0,MODIFIED ATTRIBUTE,31:59.0,23165.614353680350177,14247335.702314849942923,0,0,0,0
Residential,1,BRA,BRAESIDE,SOUTH,ESTABLISHED,1960s/1970s,{BE6FFDC3-45B8-4226-BB5D-4A000FFB1D07},{7E17F114-2AB5-464E-B743-88CD50FDB8D9},10:15.0,MODIFIED ATTRIBUTE,44:37.0,8985.166542648863469,4936471.789460581727326,0.392836332,3,6.07721E-07,0.1200158
Residential,1,BRE,BRENTWOOD,NORTHWEST,ESTABLISHED,1960s/1970s,{B44E9FD7-F0DB-4984-93AB-691EC0439F5E},{5FE7DB1D-DBAA-4B14-B287-476FF167DE3F},10:06.0,MODIFIED ATTRIBUTE,29:53.0,12744.403946450171134,7324129.699486648663878,0.262718915,2,2.7307E-07,0.053927191
Residential,1,BRD,BRIDGELAND/RIVERSIDE,CENTRE,ESTABLISHED,INNER CITY,{DEA7F48D-1688-49D5-A94A-2A7A4A9CB11A},{E08FA842-7EE7-45D3-81D3-866C5060B66B},10:14.0,MODIFIED ATTRIBUTE,37:49.0,13331.532358001006287,7706777.934454430826008,0.680031503,4,5.19024E-07,0.102499318
Residential,1,BRI,BRIDLEWOOD,SOUTH,COMPLETE,2000s,{F404256A-9D3B-4EC5-8528-9B7A8E36DBF0},{3519DFF0-4FC7-45F1-9240-97F62F0CCFDB},10:04.0,MODIFIED ATTRIBUTE,36:02.0,11581.679962654474366,7886954.711709088645875,0,0,0,0
Residential,1,BRT,BRITANNIA,CENTRE,ESTABLISHED,1950s,{190877A9-4BFF-43FC-8A76-C17D8755C493},{CFA98541-846A-4517-93C9-01223FE3036A},10:31.0,MODIFIED ATTRIBUTE,51:24.0,5057.419677071810838,1265826.573893536347896,0,0,0,0
Residential,1,CAM,CAMBRIAN HEIGHTS,CENTRE,ESTABLISHED,1950s,{205E5249-6DED-478C-B3F8-28A8CEF01574},{68BEB44D-ADCC-4150-9A2E-F87B651B2FE1},10:30.0,MODIFIED ATTRIBUTE,47:02.0,8216.674936824352699,2186564.381948485970497,0,0,0,0
Residential,1,CAN,CANYON MEADOWS,SOUTH,ESTABLISHED,1960s/1970s,{67C0E11D-BE8A-4654-92BE-93D6D5FDD3FD},{64CE7E13-53AE-4CC4-B38F-31A852D00187},10:31.0,MODIFIED ATTRIBUTE,00:42.0,13480.256645903185927,7721717.092892182059586,0.204033924,1,1.29505E-07,0.025575253
Residential,1,CAP,CAPITOL HILL,CENTRE,ESTABLISHED,1950s,{C47F1E83-86BA-4780-9578-C7CCC9AAB8BB},{08D4D68D-A7AE-4965-B675-17B60D650F97},10:17.0,MODIFIED ATTRIBUTE,34:32.0,10524.384716826285512,3577618.040253486484289,0.254016636,3,8.38547E-07,0.165600298
Residential,1,CAR,CARRINGTON,NORTH,DEVELOPING,BUILDING OUT,{EA11978A-462E-45CB-84A5-49E8D0A62673},{C523CEFB-9071-4B68-8376-28DC44DF0C37},10:28.0,MODIFIED SHAPE,20:31.0,13892.696659666833511,7595937.445250973105431,0,0,0,0
Residential,1,CAS,CASTLERIDGE,NORTHEAST,ESTABLISHED,1980s/1990s,{3F8AE74F-3B8A-4C8C-9002-0C85F94721E8},{15D55889-989A-4E46-A604-30A6D565BBFE},10:09.0,MODIFIED ATTRIBUTE,55:22.0,7273.669083000959290,3070900.381579804234207,0.229800394,2,6.51275E-07,0.128616918
Residential,1,CED,CEDARBRAE,SOUTH,ESTABLISHED,1960s/1970s,{DF32451A-B594-4DCD-8DB2-194542E152C0},{EAA343E5-429C-416A-8E22-EC916D1347EB},10:10.0,MODIFIED ATTRIBUTE,59:18.0,10034.887961106740477,5109334.377384812571108,0.257836588,2,3.9144E-07,0.077303561
Residential,1,CHA,CHAPARRAL,SOUTH,COMPLETE,2010s,{4BF0DF9F-0052-4EC6-B83B-67D5FC60A3AD},{E828A777-9BC8-4A88-8523-58FDF48211C4},10:23.0,MODIFIED ATTRIBUTE,15:22.0,16098.787218303183181,13668482.705375159159303,0,0,0,0
Residential,1,CHW,CHARLESWOOD,NORTHWEST,ESTABLISHED,1950s,{C92A494F-BF0D-436A-BB62-CF55B8A515DD},{9B9FE12B-367F-4512-A746-9DA824813154},10:10.0,MODIFIED ATTRIBUTE,04:44.0,13422.591861628601691,4635227.867925270460546,0.0186474,1,2.15739E-07,0.042605213
Residential,1,CHN,CHINATOWN,CENTRE,ESTABLISHED,CENTRE CITY,{51A7F62F-4396-4EE8-AE1C-09694D28BF52},{B067C115-DF23-45D1-B246-9912F2D771B3},10:15.0,MODIFIED ATTRIBUTE,03:45.0,4214.253366016221662,623484.432229439960793,0.063908593,2,3.20778E-06,0.633487737
Residential,1,CHK,CHINOOK PARK,SOUTH,ESTABLISHED,1950s,{EA233826-4BF9-40B2-9522-B3FE13B41057},{AB7206FF-C052-405A-90D2-99D47AE2201C},10:05.0,MODIFIED ATTRIBUTE,09:34.0,5146.200127683324354,1466216.009894261835143,0.289027017,5,3.41014E-06,0.673450807
Residential,1,CHR,CHRISTIE PARK,WEST,ESTABLISHED,1980s/1990s,{A1BEB272-6CE0-478D-8B2C-6CCAC4E4EA2B},{C4E995C5-21F2-47D9-9CA4-B247095792B2},10:18.0,MODIFIED ATTRIBUTE,20:13.0,7453.241715316067712,2069459.888429732760414,0.228506368,2,9.66436E-07,0.190856437
Residential,1,CIT,CITADEL,NORTHWEST,ESTABLISHED,1980s/1990s,{1841B177-D2D4-44BB-A238-DB2BDE914CF1},{931A8F7E-6B92-4C08-B950-938AA1DF910A},43:39.0,MODIFIED ATTRIBUTE,02:52.0,12489.590993215468188,6935289.895839237608016,0,0,0,0
Residential,1,CSC,CITYSCAPE,NORTHEAST,DEVELOPING,BUILDING OUT,{79B9F575-9497-4D06-BC8C-DA3A491F2F11},{EC971F01-A43B-4693-85CA-9C3416F917F2},10:08.0,CREATED,10:08.0,10345.462211044212381,5858873.463654015213251,0,0,0,0
Residential,1,CLI,CLIFF BUNGALOW,CENTRE,ESTABLISHED,INNER CITY,{ACFC3A85-8BA5-4E8E-B58D-C8603BAA4DDB},{A26289E3-659A-4A07-9D53-82AA06B3CD18},10:15.0,MODIFIED ATTRIBUTE,49:43.0,4679.647719081051946,916288.991658014128916,0,0,0,0
Residential,1,COA,COACH HILL,WEST,ESTABLISHED,1980s/1990s,{510A662D-783E-4B90-B135-DAA89791BD4A},{428AD2B7-591D-41D2-8A12-7A156644DAC0},10:27.0,MODIFIED ATTRIBUTE,07:41.0,7702.129784413285961,2712418.798155366908759,0,0,0,0
Residential,1,COL,COLLINGWOOD,NORTHWEST,ESTABLISHED,1950s,{DCBAAE84-CF46-48FF-824C-FADA62B54229},{8F22FC20-36CB-4755-96DF-84F70FAD7B46},10:29.0,MODIFIED ATTRIBUTE,34:21.0,8894.262940218346557,3953260.034790762234479,0,0,0,0
Residential,1,CPF,COPPERFIELD,SOUTHEAST,DEVELOPING,BUILDING OUT,{A1170789-8BBD-4FB9-9173-67F8FFF70F0E},{E352A807-728D-4E7F-A733-BE8B58F74385},10:24.0,CREATED,22:54.0,16469.106553214107407,11579408.323983643203974,0,0,0,0
Residential,1,COR,CORAL SPRINGS,NORTHEAST,ESTABLISHED,2000s,{7855E717-2229-46D2-B7AA-F33FCEA44008},{ADCB6436-73A7-434E-A0EF-07E25BC9B1E7},10:22.0,MODIFIED ATTRIBUTE,03:00.0,8669.965673376087580,4603391.878806822001934,0,0,0,0
Residential,1,CNS,CORNERSTONE,NORTHEAST,DEVELOPING,2000s,{99890B68-380C-4F69-B487-30668255A0E4},{9B5E8AE2-7B37-4492-A146-3AA75161A23F},10:36.0,MODIFIED SHAPE,37:01.0,19280.961584655371553,19404901.022656086832285,0,0,0,0
Residential,1,CGR,COUGAR RIDGE,WEST,COMPLETE,2000s,{3B8FE799-82D0-417F-B27A-02B50F959CC7},{64401809-BA6B-4B93-8329-568191F63556},10:11.0,MODIFIED ATTRIBUTE,13:49.0,12947.341720761523902,5723135.412762667052448,0,0,0,0
Residential,1,COU,COUNTRY HILLS,NORTH,ESTABLISHED,1980s/1990s,{6EEC1036-F391-4A07-9961-32927C924CA7},{75DBF0C1-CCA4-4236-9141-3978F63EBEF4},10:25.0,MODIFIED ATTRIBUTE,50:27.0,11857.779727923969403,4792048.326441232115030,0,0,0,0
Residential,1,CHV,COUNTRY HILLS VILLAGE,NORTH,COMPLETE,2000s,{32061B51-AD27-4788-8CC5-9E428C07E775},{BDE4A9DC-123B-4748-95AE-E1A30BE73825},10:34.0,MODIFIED ATTRIBUTE,21:29.0,6386.280283939603578,2417325.683496682904661,0,0,0,0
Residential,1,COV,COVENTRY HILLS,NORTH,COMPLETE,2000s,{2AC2CB25-99E2-4D27-ACE4-70F74F8A3F8F},{42E34932-E941-49B7-9650-6425FB7F65E2},10:28.0,MODIFIED ATTRIBUTE,21:09.0,14826.753034597473743,10372848.585837297141552,0,0,0,0
Residential,1,CRA,CRANSTON,SOUTHEAST,DEVELOPING,BUILDING OUT,{6A94E45D-07BB-4339-8BB1-47CF31B01357},{06551AEC-6E26-459B-8521-3FEF9834C2BB},10:23.0,MODIFIED SHAPE,35:32.0,23371.060304429891403,20707299.040357735008001,0,0,0,0
Residential,1,CRE,CRESCENT HEIGHTS,CENTRE,ESTABLISHED,INNER CITY,{3FF1AB8D-6049-49BB-AD3D-8A758D112DCA},{39B88958-2949-471B-AA37-BBAC516A82CB},10:34.0,MODIFIED ATTRIBUTE,23:22.0,9196.168995643511153,4091935.962564521003515,0.167222016,2,4.88766E-07,0.09652393
Residential,1,CRM,CRESTMONT,WEST,DEVELOPING,2000s,{9D1B8311-217A-4506-AA9E-5EB9F038757F},{4E4FDEBB-12FF-4C88-A028-950CF27B7E7A},10:31.0,MODIFIED ATTRIBUTE,15:08.0,14111.121881550021499,6825945.398798445239663,0,0,0,0
Residential,1,CUR,CURRIE BARRACKS,WEST,ESTABLISHED,BUILDING OUT,{8ED80829-7663-4F9E-AFD4-34B6936F14BF},{AE08E84A-DF57-42C5-A93D-385F3F80EFF5},10:17.0,MODIFIED ATTRIBUTE,48:44.0,6860.801841528463228,2485964.088008506223559,0.042537974,4,1.60903E-06,0.317759813
Residential,1,DAL,DALHOUSIE,NORTHWEST,ESTABLISHED,1960s/1970s,{30C03A3B-EBAC-403A-A26C-2EEB686BD8A6},{9A268770-E7BD-46EB-9458-0AABEAD925D4},10:09.0,MODIFIED ATTRIBUTE,30:12.0,12097.833668511513679,8472211.486238857731223,0.143763792,1,1.18033E-07,0.023309719
Residential,1,DRG,DEER RIDGE,SOUTH,ESTABLISHED,1980s/1990s,{E9098234-A104-4FFD-9112-1B4740505E7C},{C28A4074-F350-47E5-B3DB-DE0BAF890064},10:16.0,MODIFIED ATTRIBUTE,45:26.0,7762.982608177645488,3561815.104665433522314,0,0,0,0
Residential,1,DRN,DEER RUN,SOUTH,ESTABLISHED,1980s/1990s,{F87AB76C-8454-45D7-8091-41407E990C5D},{EEB2B290-DEB4-48A1-B83A-92A1C6B623E9},10:24.0,MODIFIED ATTRIBUTE,44:10.0,16878.926764957388514,4695631.997553582303226,0,0,0,0
Residential,1,DIA,DIAMOND COVE,SOUTH,ESTABLISHED,1980s/1990s,{C7103BAC-1668-49E2-920D-F317C85FF223},{F4340048-F04E-4C42-9979-A85CB6F2757A},10:27.0,MODIFIED ATTRIBUTE,14:00.0,8658.787723486129835,1346881.246218494139612,0,0,0,0
Residential,1,DIS,DISCOVERY RIDGE,WEST,ESTABLISHED,2000s,{77CC657F-E393-4D01-9500-054EFE2950D4},{40912307-5253-45A7-8C1C-E9CE92199884},10:32.0,MODIFIED ATTRIBUTE,00:14.0,13607.638262244141515,9035411.138028921559453,0,0,0,0
Residential,1,DDG,DOUGLASDALE/GLEN,SOUTHEAST,ESTABLISHED,1980s/1990s,{3515F08C-8C01-4CF1-9B80-433A1F33E1DD},{6643D0BE-CDCA-4630-AEFA-5F8AD3FAD31B},10:34.0,MODIFIED ATTRIBUTE,26:35.0,20617.387046557072608,16203856.903368066996336,0.724646428,3,1.85141E-07,0.036562568
Residential,1,DOV,DOVER,EAST,ESTABLISHED,1960s/1970s,{C0AFE837-6DD6-4139-93E2-FDB61825AE0C},{64A0D3C6-050E-430C-803B-DE5675AA61B5},10:28.0,MODIFIED ATTRIBUTE,25:24.0,14687.017579789498996,10479685.299929846078157,0,0,0,0
Residential,1,DNC,DOWNTOWN COMMERCIAL CORE,CENTRE,ESTABLISHED,CENTRE CITY,{6A0589C6-BAF7-403E-A365-FB6072430C3E},{5F3E5691-95BA-4807-B957-DA2B07AEACF4},10:33.0,MODIFIED ATTRIBUTE,32:29.0,8442.935678377762088,3357242.805578659754246,4.174822340861767,17,5.06368E-06,1
Residential,1,DNE,DOWNTOWN EAST VILLAGE,CENTRE,ESTABLISHED,CENTRE CITY,{F2F42121-B802-44AB-B5D3-C4DFCF567BDF},{63662D7C-9176-467A-BCE0-E4D612A70AAF},10:18.0,MODIFIED ATTRIBUTE,33:26.0,5621.719381253711617,1319217.949964115861803,0.463511688,5,3.79012E-06,0.748492207
Residential,1,DNW,DOWNTOWN WEST END,CENTRE,ESTABLISHED,CENTRE CITY,{24462079-A3D0-4EF0-8319-1A0DA0ED8EDA},{F6046AC2-C0A9-466A-B41C-B383C60EFE31},10:12.0,MODIFIED ATTRIBUTE,24:56.0,4462.400580332166101,921076.098726502852514,0.36403388,4,4.34275E-06,0.857626731
Residential,1,EAG,EAGLE RIDGE,SOUTH,ESTABLISHED,1960s/1970s,{65858919-5657-4C5D-9FD5-99AF512C6D66},{D831D7BA-AC4A-40D9-912E-8DADB2FD9B19},10:18.0,MODIFIED ATTRIBUTE,34:22.0,6169.610956567125868,948500.213971806108020,0.274572453,2,2.10859E-06,0.416415027
Residential,1,EAU,EAU CLAIRE,CENTRE,ESTABLISHED,CENTRE CITY,{B9641AA2-98B3-4D9B-9B4E-4039CBABC961},{031B19E8-C813-4B27-BA69-D24B6ECD7726},10:23.0,MODIFIED ATTRIBUTE,03:38.0,5122.146471807252965,1304418.408065883908421,0.034022115,3,2.29988E-06,0.454190626
Residential,1,EDG,EDGEMONT,NORTHWEST,ESTABLISHED,1980s/1990s,{31BFC8A9-EEB5-41D0-B5B8-67FBB8DFF860},{0F6D0CA0-7962-4461-AE8C-0A1213153635},10:21.0,MODIFIED ATTRIBUTE,29:23.0,18313.870995668377873,16786109.672124356031418,0,0,0,0
Residential,1,EPK,ELBOW PARK,CENTRE,ESTABLISHED,INNER CITY,{DCAB5DCF-6A83-4737-9223-BCE32ABEE911},{A70AE11B-6086-4A9F-889F-F88C37BD1C73},10:24.0,MODIFIED ATTRIBUTE,53:20.0,11572.299905022879102,4518605.578509449958801,0,0,0,0
Residential,1,EYA,ELBOYA,CENTRE,ESTABLISHED,1950s,{5089C4AB-1AB7-4387-A364-E7020BE19E9C},{FFB760F9-EEC6-4F1C-8EB0-A7EEB6D6FFCE},10:14.0,MODIFIED ATTRIBUTE,48:45.0,6207.166968473732595,1821047.486026432830840,0,0,0,0
Residential,1,ERI,ERIN WOODS,EAST,ESTABLISHED,1980s/1990s,{8CA4C0CE-E594-4712-84BC-122F6D27411B},{50BCB035-C917-4D57-9878-6C2715337914},10:13.0,MODIFIED ATTRIBUTE,23:59.0,8363.629807427158084,4032503.004800004418939,0,0,0,0
Residential,1,ERL,ERLTON,CENTRE,ESTABLISHED,INNER CITY,{5782469A-75D9-4739-B436-FCEE81127C44},{A312877D-B0E0-42E3-83B2-99452190B617},10:26.0,MODIFIED ATTRIBUTE,01:08.0,6463.804603712647804,1276649.628611374646425,0.128133413,1,7.833E-07,0.154689953
Residential,1,EVN,EVANSTON,NORTH,COMPLETE,2010s,{674A038D-83CF-476B-BE2A-33DE0A0D6071},{ED6AB735-0228-4EF8-9211-EFF2B82330E9},10:03.0,MODIFIED SHAPE,20:31.0,17108.900057802748051,12402281.182017289102077,0,0,0,0
Residential,1,EVE,EVERGREEN,SOUTH,COMPLETE,2000s,{34A8D068-34FE-4249-9114-9CEF9FDFD61A},{010E4859-0843-4DF6-A26C-D3AA3BA7B2D2},10:02.0,MODIFIED ATTRIBUTE,39:41.0,19766.029457304870448,12320093.578613240271807,0,0,0,0
Residential,1,FAI,FAIRVIEW,SOUTH,ESTABLISHED,1950s,{56393E66-EEC3-4F6E-B34B-74F425D864C1},{1249588B-A109-4A2E-A0CC-DD1E6F2A7212},10:32.0,MODIFIED ATTRIBUTE,21:47.0,8111.173514966280891,3327588.116388932801783,0.174896366,3,9.01554E-07,0.178043253
Residential,1,FAL,FALCONRIDGE,NORTHEAST,ESTABLISHED,1980s/1990s,{71613ADB-39EB-47D7-8C59-33BFE0CCDADE},{6FF13BA9-2BC2-49EC-944A-3AD4C471D582},10:04.0,MODIFIED ATTRIBUTE,02:53.0,9549.645629452570574,5462205.398849413730204,0.304152615,2,3.66152E-07,0.072309573
Residential,1,FHT,FOREST HEIGHTS,EAST,ESTABLISHED,1960s/1970s,{268A013E-A21A-4DFE-8059-E033BB217A1D},{D1CE6C35-1FB2-484B-9C5B-0B5B9579783E},10:27.0,MODIFIED ATTRIBUTE,32:04.0,8251.582997744946624,3804082.231977825518698,0,0,0,0
Residential,1,FLN,FOREST LAWN,EAST,ESTABLISHED,1950s,{7D469F32-78A9-4ACF-93D1-FD6F11EF1CA2},{278C8F72-93B6-469F-ACD6-086560808158},10:05.0,MODIFIED ATTRIBUTE,30:56.0,10376.235966494197783,5842006.262322881259024,0.545899361,3,5.13522E-07,0.101412868
Residential,1,GAG,GARRISON GREEN,WEST,ESTABLISHED,BUILDING OUT,{864C149B-8AAE-41FB-A11F-80C9C3265C8F},{C3E0A28D-9DEF-4011-A462-7A626FC3F4EA},10:08.0,MODIFIED ATTRIBUTE,08:33.0,4522.514930529326193,909215.840745765948668,0.113076556,2,2.1997E-06,0.434407018
Residential,1,GAW,GARRISON WOODS,CENTRE,ESTABLISHED,INNER CITY,{B3B8D5A7-6129-4D83-A041-968572F021F5},{1C87646D-4441-4DF5-8826-CB57A27A9361},10:36.0,MODIFIED ATTRIBUTE,47:12.0,6212.690984961123831,1961361.336415696889162,0.043656213,1,5.0985E-07,0.100687654
Residential,1,GLA,GLAMORGAN,WEST,ESTABLISHED,1950s,{4098109F-657C-468D-A18C-EF962341307C},{979CE135-47DD-4C8E-9EE5-09A4DA6544DE},10:14.0,MODIFIED ATTRIBUTE,26:30.0,9749.416325706479256,5128732.146837951615453,0.120255807,2,3.8996E-07,0.077011185
Residential,1,GBK,GLENBROOK,WEST,ESTABLISHED,1950s,{FC7ED636-6107-4A6E-B7D0-95FC9B1C6D39},{69DB5354-0BCA-40DD-8BB5-E48ABB55E6EF},10:23.0,MODIFIED ATTRIBUTE,05:20.0,9541.006353862196192,4950015.900873105041683,0.197834892,2,4.04039E-07,0.079791611
Residential,1,GDL,GLENDALE,WEST,ESTABLISHED,1950s,{32BC3283-7B61-4796-9CC8-6F7551B2CA1A},{6756033D-8FA7-4059-9C9A-1D3FFBA7F7E7},10:12.0,MODIFIED ATTRIBUTE,07:59.0,8392.687191123393859,3458135.917805402074009,0.268029694,2,5.78346E-07,0.114214638
Residential,1,GRV,GREENVIEW,CENTRE,ESTABLISHED,1960s/1970s,{572ED954-1CC0-4ACD-95DE-4DFDF48E7A14},{5E2CBE21-B8A9-4FDD-A3C6-059D38EDDC6D},10:33.0,MODIFIED ATTRIBUTE,38:32.0,6228.771975604860017,1149941.465519449906424,0,0,0,0
Residential,1,GRE,GREENWOOD/GREENBRIAR,NORTHWEST,DEVELOPING,1960s/1970s,{2702E0CA-A69B-42CF-B09D-6A707D674EF6},{32159656-9BCA-4BAC-B919-3C1AE7880F2A},10:11.0,MODIFIED ATTRIBUTE,15:02.0,7845.409836018069655,3013985.929793685209006,0,0,0,0
Residential,1,HAM,HAMPTONS,NORTHWEST,ESTABLISHED,2000s,{43B461DA-9538-43E6-BF18-44EF22FD925E},{DE727865-7B12-499B-A2B3-A035E19BBD48},06:43.0,MODIFIED ATTRIBUTE,50:23.0,13189.658538182940902,8886383.129332765936852,0,0,0,0
Residential,1,HAR,HARVEST HILLS,NORTH,ESTABLISHED,1980s/1990s,{540A970B-53FE-431C-A82A-09D2F25A181A},{7EC6BBF0-EA01-4216-97F4-D5E2862882B5},10:01.0,MODIFIED ATTRIBUTE,54:24.0,10130.192278665499543,5530249.452268837951124,0,0,0,0
Residential,1,HAW,HAWKWOOD,NORTHWEST,ESTABLISHED,1980s/1990s,{ECEADEA5-7855-46CF-A1FE-3060ACC2B98C},{26F9DAD6-FAE2-46B8-ADEB-19F53C0E02F6},43:03.0,MODIFIED ATTRIBUTE,02:45.0,11757.383135308897181,8135581.451162537559867,0,0,0,0
Residential,1,HAY,HAYSBORO,SOUTH,ESTABLISHED,1950s,{CB884460-DD48-4440-9563-5CF00F6138F0},{8FD4739F-4CCB-4714-AC83-92B142372D23},10:27.0,MODIFIED ATTRIBUTE,56:45.0,10387.175325017153227,6725519.275559375062585,0.829468418,7,1.04081E-06,0.205544589
Residential,1,HID,HIDDEN VALLEY,NORTH,ESTABLISHED,1980s/1990s,{62D69A06-A259-4118-B56D-A5E6BD3FAF20},{48DC06D6-BEFF-4F81-AD49-C9A918057895},10:12.0,MODIFIED ATTRIBUTE,00:49.0,16397.724221314852912,10928451.554823804646730,0,0,0,0
Residential,1,HPK,HIGHLAND PARK,CENTRE,ESTABLISHED,1950s,{FDC6CDE3-9CE4-46B8-8CFC-FB58AEA2FB38},{4DF6E5D3-6F08-4787-88D5-E0E9BDF105EF},10:33.0,MODIFIED ATTRIBUTE,57:24.0,10569.376278131001527,3463308.347740492317826,0,0,0,0
Residential,1,HIW,HIGHWOOD,CENTRE,ESTABLISHED,1950s,{196EF973-6743-45E4-9BBB-567D082407D3},{EFB27757-37C8-4B62-977D-843F006F025E},10:13.0,MODIFIED ATTRIBUTE,16:23.0,6483.614867983073964,2404671.792955119628459,0,0,0,0
Residential,1,HIL,HILLHURST,CENTRE,ESTABLISHED,INNER CITY,{81CE8FA9-F759-4648-B695-191D75636458},{AB5D7C58-CE94-4709-9B02-215185A7DDCF},10:12.0,MODIFIED ATTRIBUTE,07:29.0,10737.819942283122145,5227596.940078919753432,0.567769513,5,9.56462E-07,0.188886857
Residential,1,HOU,HOUNSFIELD HEIGHTS/BRIAR HILL,CENTRE,ESTABLISHED,1950s,{5886BFBD-114B-499C-9123-0D8547005B37},{80EACA25-2A83-4A87-84AE-1BB86FFC2198},10:20.0,MODIFIED ATTRIBUTE,19:59.0,7487.074688438788144,2982779.283378322143108,0.463751035,3,1.00577E-06,0.198625026
Residential,1,HUN,HUNTINGTON HILLS,NORTH,ESTABLISHED,1960s/1970s,{E4428A24-8F83-4D85-9A20-323FB1A42306},{8FC9FCD6-4E35-4248-B675-C22DAF4B446D},10:33.0,MODIFIED ATTRIBUTE,47:41.0,16146.385220905116512,12089274.390120781958103,0,0,0,0
Residential,1,ING,INGLEWOOD,CENTRE,ESTABLISHED,INNER CITY,{C3CE4C28-57B4-402E-A173-6493D899DBF5},{7B340087-4651-4870-80AA-95D500F4D02B},10:19.0,MODIFIED ATTRIBUTE,09:58.0,15380.504793957275979,6316360.716674422845244,0.666352608,3,4.74957E-07,0.09379683
Residential,1,KEL,KELVIN GROVE,SOUTH,ESTABLISHED,1960s/1970s,{5DCA8FCF-50A8-4C9B-B864-D1D04D8437E7},{694EA379-76FF-40CA-9050-991F418943D9},10:02.0,MODIFIED ATTRIBUTE,34:02.0,5514.833918514772449,1941402.490421849535778,0.152347758,2,1.03018E-06,0.203445573
Residential,1,KIL,KILLARNEY/GLENGARRY,CENTRE,ESTABLISHED,1950s,{EC453B73-A2E9-4CA3-9AF0-A6EA41353F94},{78EEEC6E-36E4-49C9-AFC1-976CB8D6E960},10:31.0,MODIFIED ATTRIBUTE,54:23.0,8859.193482238340948,4657348.050408347509801,0.170268821,3,6.44143E-07,0.127208576
Residential,1,KCA,KINCORA,NORTH,DEVELOPING,2000s,{C0900289-56F1-4A97-8B47-C135C73189AA},{6D9AD38F-67AD-46B7-8495-858B8E596EFD},33:10.0,MODIFIED ATTRIBUTE,05:05.0,11182.054485402853970,5766952.347491392865777,0,0,0,0
Residential,1,KIN,KINGSLAND,SOUTH,ESTABLISHED,1950s,{291547E1-C39C-47E9-AF7B-614BDBB1E00B},{F6ECC3EF-260F-4587-A195-91CAB50B2FC0},10:09.0,MODIFIED ATTRIBUTE,10:45.0,7800.036557598854415,3371959.701520458795130,0.26290673,3,8.8969E-07,0.175700384
Residential,1,LKB,LAKE BONAVISTA,SOUTH,ESTABLISHED,1960s/1970s,{7BC91618-78F3-4B1D-A17D-78FEF973C23A},{54693C74-E7F7-4FC3-B2FF-8667A1DCEB62},10:34.0,MODIFIED ATTRIBUTE,02:48.0,14886.585976910493628,13100326.565200520679355,0.108301546,1,7.6334E-08,0.015074805
Residential,1,LKV,LAKEVIEW,WEST,ESTABLISHED,1960s/1970s,{86760411-40A7-4ED3-BDA7-E72C73F11FD1},{D20916C2-83BB-4E51-BF32-B2520B242F52},10:14.0,MODIFIED ATTRIBUTE,41:44.0,10761.182666652894113,5649305.295417102985084,0,0,0,0
Residential,1,LEG,LEGACY,SOUTH,DEVELOPING,BUILDING OUT,{11075AAF-392C-4999-9987-DDB896123487},{4484E6DA-2F60-41B9-8625-8DAC8ECE41A1},10:01.0,MODIFIED SHAPE,50:08.0,18406.726753412200196,15250003.724962852895260,0,0,0,0
Residential,1,LPK,LINCOLN PARK,WEST,ESTABLISHED,1950s,{1C4B92A8-8B21-4F34-B96C-473548C0F591},{1E3A2FF5-6506-4115-8947-42CC360051E9},10:18.0,MODIFIED ATTRIBUTE,51:37.0,8750.001617148849618,3747124.517265528906137,1.258982409860657,6,1.60123E-06,0.316218268
Residential,1,LIV,LIVINGSTON,NORTH,DEVELOPING,BUILDING OUT,{C4F7B864-670E-4FA0-8516-C389D057E6C4},{5ECFC341-87F7-448E-A3C7-A7BD678E31E0},10:34.0,CREATED,10:34.0,16019.752014215768213,14398739.782944217324257,0,0,0,0
Residential,1,LMR,LOWER MOUNT ROYAL,CENTRE,ESTABLISHED,INNER CITY,{9DC4B621-5925-4D2A-B384-CE77152B979F},{920335BD-A2B6-431F-B06B-DD0DD2E14C8F},10:17.0,MODIFIED ATTRIBUTE,11:15.0,4538.881144744618723,718028.836808670894243,0,0,0,0
Residential,1,MAC,MACEWAN GLEN,NORTH,ESTABLISHED,1980s/1990s,{4FC2F82D-4182-4CDB-831F-2E96FEDC1721},{5BA690DC-876E-477C-A662-811C7E60FA00},10:16.0,MODIFIED ATTRIBUTE,30:08.0,7985.499024233751697,3597555.818527548573911,0,0,0,0
Residential,1,MAH,MAHOGANY,SOUTHEAST,DEVELOPING,2000s,{F91D677D-E634-44A6-B8B9-488A4E857F99},{19665930-D76C-4413-B9BF-BE1DCB292E05},10:08.0,MODIFIED SHAPE,03:25.0,15945.626296710219322,15817393.097347449511290,0,0,0,0
Residential,1,MAN,MANCHESTER,CENTRE,ESTABLISHED,EMPLOYMENT,{F512D4E6-DCF9-4C83-A73B-211CEC335279},{C0086189-E11E-496C-92C7-B65CB2066C6A},10:07.0,MODIFIED ATTRIBUTE,52:10.0,6380.625534483303454,1194562.242615222232416,0.018955942,1,8.37127E-07,0.165319867
Residential,1,MPL,MAPLE RIDGE,SOUTH,ESTABLISHED,1960s/1970s,{39B34427-8E42-416C-92C5-E7D2AEB2EE12},{558E49E3-AB2C-4003-91FA-061FED79FEFB},10:06.0,MODIFIED ATTRIBUTE,03:38.0,12185.187489502613971,6784010.045405320823193,0,0,0,0
Residential,1,MPK,MARLBOROUGH PARK,NORTHEAST,ESTABLISHED,1960s/1970s,{590721EF-7877-43A3-A038-26BB11F56197},{44B8F58B-BB5A-4179-A756-15EE492E3DB1},10:08.0,MODIFIED ATTRIBUTE,02:53.0,9990.736045311095950,6289852.110867282375693,0,0,0,0
Residential,1,MRT,MARTINDALE,NORTHEAST,ESTABLISHED,1980s/1990s,{DF457AF1-AC5B-4D73-A416-783B8E484E4D},{9BE7A3ED-D76D-4E2C-8F06-CDD343A4D3E7},10:28.0,MODIFIED ATTRIBUTE,48:13.0,10482.673248809685902,6813622.352246963419020,0.618848701,5,7.33824E-07,0.144919149
Residential,1,MAF,MAYFAIR,CENTRE,ESTABLISHED,1950s,{BE88BC10-1E93-4376-9EDE-C240738CEB0C},{54635C6B-0CDD-43CC-952B-4642C6272FED},10:29.0,MODIFIED ATTRIBUTE,35:07.0,3724.528034881187978,729823.615081250551157,0,0,0,0
Residential,1,MAL,MAYLAND HEIGHTS,NORTHEAST,ESTABLISHED,1960s/1970s,{5B0D78B8-06F2-4B7D-81A7-7421D526829C},{012DE552-7C6B-45ED-A929-C488021A4F92},10:13.0,MODIFIED ATTRIBUTE,55:28.0,9914.211852626318432,5113710.967114661820233,0.155438904,1,1.95553E-07,0.0386187
Residential,1,MCK,MCKENZIE LAKE,SOUTHEAST,ESTABLISHED,1980s/1990s,{FDC5B0F0-5FBA-4A3F-8363-F176D32BA58A},{257F3358-692B-4406-988E-98308FD79B28},10:23.0,MODIFIED ATTRIBUTE,35:26.0,17776.518546122682892,12727320.303389135748148,0,0,0,0
Residential,1,MCT,MCKENZIE TOWNE,SOUTHEAST,COMPLETE,2010s,{305E7588-9CAD-4340-B6CF-7F98C9266789},{99C114E8-0EDB-428E-BD07-4F69E2570E65},10:23.0,MODIFIED ATTRIBUTE,25:52.0,15871.450729145632067,12122142.549574024975300,0,0,0,0
Residential,1,MEA,MEADOWLARK PARK,CENTRE,ESTABLISHED,1950s,{B09B1D9A-8212-428B-A871-9C5D0CB08F87},{467DD035-8990-41F4-8D35-CA1817667D6B},10:05.0,MODIFIED ATTRIBUTE,48:40.0,4998.039643011791668,1596411.484395978273824,0,0,0,0
Residential,1,MID,MIDNAPORE,SOUTH,ESTABLISHED,1960s/1970s,{ED75738A-B1D7-4B8D-B453-6E2F2622516F},{AE11297B-7DA4-4714-B55E-C1F48180D5C6},10:33.0,MODIFIED ATTRIBUTE,23:05.0,13023.688867102806398,7261228.068722076714039,0.104938615,1,1.37718E-07,0.027197172
Residential,1,MLR,MILLRISE,SOUTH,ESTABLISHED,1980s/1990s,{BB76FB7F-EB2E-4679-B328-87E3EB0C695E},{B5C657D3-F471-448F-95E2-3547CED4D740},10:25.0,MODIFIED ATTRIBUTE,29:01.0,9366.232558599804179,4478794.982514048926532,0.038005822,2,4.46549E-07,0.088186609
Residential,1,MIS,MISSION,CENTRE,ESTABLISHED,INNER CITY,{D5F59609-E552-4854-A7DC-D43FA53331D0},{737EE8E5-360B-462C-A34C-EE4D79C9EDE8},10:23.0,MODIFIED ATTRIBUTE,56:57.0,6086.310059425203690,1351669.083433404797688,0.016495019,1,7.39826E-07,0.146104452
Residential,1,MOR,MONTEREY PARK,NORTHEAST,ESTABLISHED,2000s,{219AC9A6-E981-475C-B9DE-5B8336D11C09},{9CBBE4AF-0D9A-4627-8C8C-8FFEF24FD529},10:32.0,MODIFIED ATTRIBUTE,03:00.0,13823.584946100390880,8721356.050726005807519,0,0,0,0
Residential,1,MON,MONTGOMERY,NORTHWEST,ESTABLISHED,1950s,{27A6AA5C-4BD1-4DFC-AC93-FFBE38861556},{4CBF50E7-70DD-45D1-9B63-0C972F8DA123},10:01.0,MODIFIED ATTRIBUTE,27:05.0,11712.485618130180228,7470643.412001709453762,0,0,0,0
Residential,1,MOP,MOUNT PLEASANT,CENTRE,ESTABLISHED,INNER CITY,{DCFF603A-DFF0-43FE-8326-6DC59C121EA2},{25C92B83-753C-4DC2-9D15-34E171127DCA},10:17.0,MODIFIED ATTRIBUTE,46:40.0,9578.819191993023196,4740615.034104301594198,0.136168971,1,2.10943E-07,0.04165807
Residential,1,NEB,NEW BRIGHTON,SOUTHEAST,COMPLETE,2010s,{03C6DAE3-51C8-40DE-A249-123785669444},{00BB3104-4D49-424E-84C9-675F34094B1E},10:23.0,MODIFIED ATTRIBUTE,22:49.0,10778.573681876054252,7154478.112611786462367,0,0,0,0
Residential,1,NOL,NOLAN HILL,NORTH,DEVELOPING,2020s,{FD2E34EF-0206-4A50-BD27-D6E0FDB41EC7},{0438AD34-1117-46D4-B337-97D866373259},53:22.0,CREATED,31:40.0,9441.103117455495521,5199473.027171828784049,0,0,0,0
Residential,1,NGM,NORTH GLENMORE PARK,WEST,ESTABLISHED,1950s,{E25A58D6-7D83-43F4-A5A6-0980EF1A9DF3},{673848CF-9D23-4D41-9A48-F56FD8D1E85A},10:10.0,MODIFIED ATTRIBUTE,08:27.0,7733.654097195305440,2915618.065711873583496,0.310433875,2,6.85961E-07,0.1354669
Residential,1,NHV,NORTH HAVEN,NORTH,ESTABLISHED,1960s/1970s,{EF337005-71B7-4D21-898F-4BF08B4B333F},{3B11F432-FBDE-4A1D-9828-9AF0C89D4AA1},10:03.0,MODIFIED ATTRIBUTE,31:02.0,6543.479805388443310,2141455.147242908831686,0,0,0,0
Residential,1,NHU,NORTH HAVEN UPPER,NORTH,ESTABLISHED,1960s/1970s,{2E51B645-2644-4F99-9970-F489F1FBC294},{843283C3-6462-40BF-BE71-23B498C56234},10:19.0,MODIFIED ATTRIBUTE,53:46.0,3849.167492593345742,681697.906688181101345,0,0,0,0
Residential,1,OAK,OAKRIDGE,SOUTH,ESTABLISHED,1960s/1970s,{E3DAE519-F044-4C02-B4A3-8B8BFCFC37BE},{2B792708-E9F1-492D-BEF6-9450651B2805},10:29.0,MODIFIED ATTRIBUTE,01:01.0,9945.058359040775031,6071316.030370337888598,0.05539065,1,1.64709E-07,0.032527523
Residential,1,OGD,OGDEN,SOUTHEAST,ESTABLISHED,1950s,{3EAD3C76-C635-4764-948B-7605F2576AE9},{D80CC124-1B40-423D-9262-C614DDEEACF5},10:02.0,MODIFIED ATTRIBUTE,58:01.0,14148.935146521233037,10433218.270801462233067,0,0,0,0
Residential,1,PAL,PALLISER,SOUTH,ESTABLISHED,1960s/1970s,{1F35E25E-4577-4F12-A2BD-48D09A7C5AC0},{2188ECC2-7012-4309-B705-61422DBE8D37},10:09.0,MODIFIED ATTRIBUTE,04:09.0,6423.706558325025981,2487020.256104425992817,0.152168111,2,8.04175E-07,0.158812435
Residential,1,PAN,PANORAMA HILLS,NORTH,COMPLETE,2010s,{2B9E8A26-3437-4DBA-B36A-5F9E8584A892},{9E8DAF11-E983-459A-8B88-18350355E7F9},10:23.0,MODIFIED ATTRIBUTE,22:15.0,18728.459467391596263,16087161.602723607793450,0,0,0,0
Residential,1,PKD,PARKDALE,CENTRE,ESTABLISHED,1950s,{C6D251A6-0910-47B9-81B9-9F00E8D5DB2B},{D89506B0-C5A4-4146-AB0A-BD9B8C487D46},10:05.0,MODIFIED ATTRIBUTE,18:02.0,8347.227698672237238,2658402.090953317005187,0.000510069,1,3.76166E-07,0.074287058
Residential,1,PKH,PARKHILL,CENTRE,ESTABLISHED,1950s,{C1349C93-4549-42E4-A3A3-0D9E5DC8111C},{0A50E80C-4400-4608-84CD-CC9512EA055B},10:03.0,MODIFIED ATTRIBUTE,03:49.0,6413.851843130846646,1659284.763681404525414,0.068718517,1,6.02669E-07,0.11901807
Residential,1,PKL,PARKLAND,SOUTH,ESTABLISHED,1960s/1970s,{B0CB5311-946F-4C3C-AD8C-4E527103152A},{138F431A-438A-4FA0-8AC2-5CD118D4F0FD},10:09.0,MODIFIED ATTRIBUTE,03:02.0,10933.773888516581792,4529230.149253830313683,0,0,0,0
Residential,1,PAT,PATTERSON,WEST,ESTABLISHED,1980s/1990s,{F3F096CE-4A00-4B45-806B-FFC8CAB955A9},{812E40A3-CE29-44F1-B231-CAB75D8E6211},10:22.0,MODIFIED ATTRIBUTE,56:41.0,12446.624374533159425,5173149.511537904851139,0,0,0,0
Residential,1,PEN,PENBROOKE MEADOWS,EAST,ESTABLISHED,1960s/1970s,{61C196AA-7B9A-49DC-AD69-A21862B4E5A2},{1FE3282E-C95B-46C0-A8F5-AC4B07F5A861},10:02.0,MODIFIED ATTRIBUTE,04:44.0,9360.836530992255575,5148260.154967801645398,0.076355321,1,1.9424E-07,0.038359536
Residential,1,PIN,PINERIDGE,NORTHEAST,ESTABLISHED,1960s/1970s,{7AE618D6-888A-4BF3-91C0-1E9644E87280},{241F1564-A323-46B7-B0B0-769074817FEA},10:13.0,MODIFIED ATTRIBUTE,02:53.0,10340.316864943215478,6680594.760281461291015,0.05595772,1,1.49687E-07,0.029560971
Residential,1,POI,POINT MCKAY,CENTRE,ESTABLISHED,1960s/1970s,{A5A23826-C4E8-4973-9994-9FF182E8FA3B},{DA2C236F-FA15-46F6-B8E0-8DD2E27D80F1},10:07.0,MODIFIED ATTRIBUTE,12:03.0,3978.815902942072171,968856.447020669118501,0,0,0,0
Residential,1,PUM,PUMP HILL,SOUTH,ESTABLISHED,1960s/1970s,{7A81F4A4-99F2-4F92-99BB-3B35B9ED406B},{4832D779-9E73-4706-B43C-E230EEC1E892},10:11.0,MODIFIED ATTRIBUTE,02:11.0,6299.052360572962243,2373599.060738679021597,0.10985143,2,8.42602E-07,0.166401204
Residential,1,QPK,QUEENS PARK VILLAGE,CENTRE,ESTABLISHED,1950s,{66F17D1D-0596-4682-B443-8EBD1ECDC771},{11FA1772-2FEF-40AB-A948-F64BEE5A8910},10:10.0,MODIFIED ATTRIBUTE,11:28.0,5357.947043049495733,1566680.447153155924752,0,0,0,0
Residential,1,QLD,QUEENSLAND,SOUTH,ESTABLISHED,1960s/1970s,{88B27124-87F3-4844-8953-1BA45BFB8D31},{8707792B-F60C-4696-8E9D-B20F8CB61AE0},10:29.0,MODIFIED ATTRIBUTE,45:44.0,7898.824596661962460,3917230.363523447886109,0,0,0,0
Residential,1,RAM,RAMSAY,CENTRE,ESTABLISHED,INNER CITY,{D0FEBE4D-627A-4EFE-B289-ECFA18502344},{E9F72625-0D2D-47AD-A80D-52B587AC8B8D},10:07.0,MODIFIED ATTRIBUTE,46:38.0,7360.030658927588775,2489968.911982961464673,0.077952641,2,8.03223E-07,0.158624367
Residential,1,RAN,RANCHLANDS,NORTHWEST,ESTABLISHED,1960s/1970s,{2B63EA35-7BB2-4137-AE8C-26AD1E5ED580},{5BB779D3-6FF0-4874-A7D0-CB02975CD54C},43:05.0,MODIFIED ATTRIBUTE,33:47.0,10450.178718074950666,5931137.623099635355175,0,0,0,0
Residential,1,RED,RED CARPET,EAST,ESTABLISHED,1960s/1970s,{02FC97D0-DC23-4A13-819F-5156E78F3B1E},{5EBBDE0B-519A-4685-BA05-4A436FDC0180},10:21.0,MODIFIED ATTRIBUTE,04:44.0,5757.744374710861848,1421978.421684849075973,0.166708277,1,7.03246E-07,0.138880357
Residential,1,RSN,REDSTONE,NORTHEAST,DEVELOPING,2000s,{3A1282DF-50C5-4DBC-A77A-8A180E0637DC},{934752D6-DBD1-4673-B73F-5BA48BB527F5},32:53.0,CREATED,32:53.0,9174.681940137490528,4960939.919629869051278,0,0,0,0
Residential,1,REN,RENFREW,CENTRE,ESTABLISHED,INNER CITY,{82556316-CDAF-43FA-A3FE-CC72A33BC9D5},{9053CDAA-AEB7-4194-A8F1-904A8DB603A8},10:25.0,MODIFIED ATTRIBUTE,55:34.0,12650.023431638306647,6718715.515407792292535,0.239042025,2,2.97676E-07,0.058786496
Residential,1,RIC,RICHMOND,CENTRE,ESTABLISHED,1950s,{7ECD7DD0-4329-4A89-B20E-890083B239DB},{16A2857A-F490-46CA-9604-3D96305A3C2E},10:04.0,MODIFIED ATTRIBUTE,48:19.0,10799.922643444058849,4812262.011427296325564,0.715453684,3,6.23407E-07,0.12311354
Residential,1,RID,RIDEAU PARK,CENTRE,ESTABLISHED,INNER CITY,{AA51AA71-E762-4DDA-BEE1-2E999109F06D},{C8720EA9-D605-4BC8-BDC4-C7BD6A2A815C},10:30.0,MODIFIED ATTRIBUTE,25:10.0,3626.733522486308175,674276.173757760901935,0,0,0,0
Residential,1,RIV,RIVERBEND,SOUTHEAST,ESTABLISHED,1980s/1990s,{1A8BF72A-0746-4D90-978E-5E0D1D884D21},{33A6F939-8E78-43A0-A9B3-3F493DADF8B6},10:15.0,MODIFIED ATTRIBUTE,27:43.0,14247.755509999144124,10227153.694491365924478,0.373243043,2,1.95558E-07,0.038619713
Residential,1,ROC,ROCKY RIDGE,NORTHWEST,COMPLETE,2000s,{22DDF3EC-4671-4A7C-98B7-0422727D321B},{C45C71F3-C12A-4593-B830-8A41EEDB681B},43:03.0,MODIFIED ATTRIBUTE,21:42.0,11200.755582803118159,7126484.824983495287597,0.081153943,1,1.40322E-07,0.0277114
Residential,1,RDL,ROSEDALE,CENTRE,ESTABLISHED,INNER CITY,{432B74B1-1F35-4B53-BB1B-28089330EE87},{C59713E4-4C17-4EAA-9E01-22119F745AE2},10:30.0,MODIFIED ATTRIBUTE,26:52.0,5946.193584672487304,1673098.771393439965323,0.076510642,1,5.97693E-07,0.118035393
Residential,1,RMT,ROSEMONT,CENTRE,ESTABLISHED,1950s,{9288CE55-AA4C-42A7-AAFC-E5D039F0EE0E},{50DFA870-99ED-42DA-AD05-C0EEC48E06E3},10:05.0,MODIFIED ATTRIBUTE,57:45.0,4465.397954649165513,1136520.281306141987443,0,0,0,0
Residential,1,RCK,ROSSCARROCK,WEST,ESTABLISHED,1950s,{B929554D-3B2F-4613-A6CE-4473EE46C1EF},{BB67B0A2-3D2E-4B2B-8880-4412941E1EA1},10:31.0,MODIFIED ATTRIBUTE,37:29.0,6942.271611155411847,2696590.488447259645909,0.060526911,1,3.70839E-07,0.073235025
Residential,1,ROX,ROXBORO,CENTRE,ESTABLISHED,INNER CITY,{B731D54B-431E-40C3-BF56-F5755BB33754},{ABD8D64F-378A-4620-BC16-2EDC6F6FAC6A},10:03.0,MODIFIED ATTRIBUTE,00:45.0,3725.311736441844005,686534.577921755611897,0,0,0,0
Residential,1,ROY,ROYAL OAK,NORTHWEST,COMPLETE,2010s,{BA9F9FD2-A049-4595-A0D2-F7074D29FF3F},{86326D37-61B8-4E71-932A-CEB2DEC4509C},11:37.0,MODIFIED ATTRIBUTE,23:53.0,12263.206839641263286,9038887.620717583224177,0.073324212,1,1.10633E-07,0.02184836
Residential,1,RUN,RUNDLE,NORTHEAST,ESTABLISHED,1960s/1970s,{A2C1EE4C-07E9-4B2C-9E09-C2E8BCCF7EB4},{DE5548BF-E97C-436A-A028-7F79F51D6215},10:13.0,MODIFIED ATTRIBUTE,57:04.0,10339.689748374687042,6682446.882745027542114,0.370394294,3,4.48937E-07,0.088658335
Residential,1,RUT,RUTLAND PARK,WEST,ESTABLISHED,1950s,{E16522A7-7355-48A7-AE1A-F35A74C3AAD0},{4F654117-5243-420C-BAD8-BD7DD7BD2258},10:07.0,MODIFIED ATTRIBUTE,44:51.0,6870.116630576936586,1719314.763505884679034,0.173560775,3,1.74488E-06,0.344587638
Residential,1,SAD,SADDLE RIDGE,NORTHEAST,DEVELOPING,2000s,{A604897A-D8D2-49DE-A208-70794E6EAFF3},{B93DA91B-5790-414D-897C-0666BD630C65},10:22.0,CREATED,10:22.0,17465.114956281551713,14189646.748861601576209,0.315753387,2,1.40948E-07,0.027835065
Residential,1,SGH,SAGE HILL,NORTH,DEVELOPING,BUILDING OUT,{7466B3CD-A8C2-4944-864F-63B90E1DC5A2},{FC098E10-ADAC-4450-8EF0-DF6DFDC44380},53:23.0,CREATED,53:23.0,13348.247472945853588,9457561.946939354762435,0,0,0,0
Residential,1,SAN,SANDSTONE VALLEY,NORTH,ESTABLISHED,1980s/1990s,{9DCBCDD1-51F2-479B-9E0C-8500AA83AAAD},{77632C20-15B2-41BB-B60D-6BC5F494D73C},10:20.0,MODIFIED ATTRIBUTE,51:11.0,8705.894067702736720,4567472.928431409411132,0,0,0,0
Residential,1,SCA,SCARBORO,CENTRE,ESTABLISHED,INNER CITY,{6C2121BA-4E29-4892-AD4F-942F68EFCED3},{A5B803B2-E707-4544-855D-897570C489F5},10:06.0,MODIFIED ATTRIBUTE,01:22.0,4906.510963678400913,1151651.009062425000593,0.054551257,1,8.68319E-07,0.171479788
Residential,1,SSW,SCARBORO/ SUNALTA WEST,CENTRE,ESTABLISHED,1950s,{A11A8BEF-E220-4144-A591-342EF0302E2F},{1D1B0693-9FF3-4992-92D3-44564A3D4D50},10:17.0,MODIFIED ATTRIBUTE,21:40.0,4178.214599775785246,895849.252475731191225,0.085381315,1,1.11626E-06,0.220444311
Residential,1,SCE,SCENIC ACRES,NORTHWEST,ESTABLISHED,1980s/1990s,{80A23D11-ABE5-4E24-832C-62F418397269},{9B704E3E-B8D3-4AC5-ACD1-7E1A83248664},43:03.0,MODIFIED ATTRIBUTE,36:00.0,17432.151890169403487,11239846.610116742551327,0.15411317,1,8.89692E-08,0.017570068
Residential,1,SET,SETON,SOUTHEAST,DEVELOPING,2000s,{5BCDC97F-4891-4228-A407-83257751053E},{A156DC36-0718-4BD1-A10C-0991FB47B961},10:36.0,MODIFIED SHAPE,31:36.0,13566.769486566165142,11436237.717277033254504,0,0,0,0
Residential,1,SHG,SHAGANAPPI,CENTRE,ESTABLISHED,1950s,{9CDF4DAE-799C-41E9-AD81-2017761A2ADA},{5F30FD34-1DE5-4741-9893-F353506AFA87},10:19.0,MODIFIED ATTRIBUTE,14:21.0,9127.828859190231015,3741989.216390382498503,0.622104319,3,8.01713E-07,0.158326114
Residential,1,SHS,SHAWNEE SLOPES,SOUTH,ESTABLISHED,1980s/1990s,{84F65232-6A0D-4707-970C-523BB2340996},{DC253544-E2A5-461B-B7F2-3432C633769C},10:02.0,MODIFIED ATTRIBUTE,26:36.0,9127.507299032118681,3122434.109434051439166,0.18161234,1,3.20263E-07,0.06324709
Residential,1,SHN,SHAWNESSY,SOUTH,ESTABLISHED,1980s/1990s,{7749D2A9-5AA7-4B6C-A9F6-8881C40327B5},{0EB7A479-086B-42B9-98B4-A463028CD2F0},10:04.0,MODIFIED ATTRIBUTE,30:28.0,15567.505081797915409,9162569.381018258631229,0.44090128,2,2.18279E-07,0.043106876
Residential,1,SHW,SHERWOOD,NORTH,COMPLETE,2010s,{2EE8A1A8-69CC-41C2-B1D2-901040FDBC82},{C2BD088F-7231-4AEC-9DE1-8110CBC7CC1A},10:24.0,MODIFIED ATTRIBUTE,22:20.0,10309.688166959796945,6077449.642887638881803,0,0,0,0
Residential,1,SIG,SIGNAL HILL,WEST,ESTABLISHED,1980s/1990s,{739FFD9C-D77A-4CD9-8991-9E2B69515791},{67807B7F-5612-49C8-BE61-A19C360A1817},10:30.0,MODIFIED ATTRIBUTE,26:12.0,16573.274729771776038,13725967.747803393751383,0.222675528,2,1.45709E-07,0.028775366
Residential,1,SIL,SILVER SPRINGS,NORTHWEST,ESTABLISHED,1960s/1970s,{747581E4-DC14-4DDD-9159-014821732CB9},{5EFCB91D-7B0F-424F-9CE9-9C1DCCFAEB2C},43:04.0,MODIFIED ATTRIBUTE,36:35.0,16043.154915374472694,12707404.941379735246301,0,0,0,0
Residential,1,SKR,SKYVIEW RANCH,NORTHEAST,DEVELOPING,2000s,{ED032A32-B85B-4F08-ABDF-E869FD5E0AB9},{209B284E-94BB-414D-86ED-F2E7F611D6D1},10:26.0,MODIFIED SHAPE,37:00.0,11665.442027236014837,5865762.950246248394251,0,0,0,0
Residential,1,SOM,SOMERSET,SOUTH,ESTABLISHED,1980s/1990s,{EB80270A-A9C5-4B6D-BDF2-29FE1941607B},{59133DB6-F7A4-416F-9F19-8E6982787787},10:20.0,MODIFIED ATTRIBUTE,35:16.0,10523.429507857852514,5491625.384767111390829,0.17233104,1,1.82095E-07,0.035961097
Residential,1,SOC,SOUTH CALGARY,CENTRE,ESTABLISHED,INNER CITY,{3B846F65-C06F-497D-AA37-670508E6D9CD},{4FA42FC1-0FDC-468B-BB1E-C455F6601FB8},10:22.0,MODIFIED ATTRIBUTE,50:44.0,7727.558680038767307,2241248.636969715356827,0.027496695,1,4.4618E-07,0.088113772
Residential,1,SOV,SOUTHVIEW,EAST,ESTABLISHED,1950s,{6DF55AB5-B743-4E0D-9BE2-789F03EE616C},{57545EB2-6551-4F57-8738-AEDD1E8BA2CB},10:17.0,MODIFIED ATTRIBUTE,54:40.0,9267.429921947605180,4021927.894675937015563,0.400459449,3,7.45911E-07,0.147306125
Residential,1,SOW,SOUTHWOOD,SOUTH,ESTABLISHED,1960s/1970s,{A596AEEA-36D7-4696-964B-87504BB0AE31},{A0C690C1-7947-4978-B574-2308F224E699},10:29.0,MODIFIED ATTRIBUTE,59:01.0,10459.945915335591053,6708100.311698877252638,0.505959005,2,2.98147E-07,0.058879522
Residential,1,SPH,SPRINGBANK HILL,WEST,DEVELOPING,BUILDING OUT,{42D8DF43-23E1-4CE2-97FD-093E856C18B9},{F24DC505-6CA3-4D3B-A3CA-529AAB365250},10:19.0,CREATED,18:36.0,16450.545304493327421,16429775.835419151932001,0.10757368,1,6.08651E-08,0.012019937
Residential,1,SPR,SPRUCE CLIFF,WEST,ESTABLISHED,1950s,{7F38B6AF-6CC8-40E3-A76D-E042BB1EB5CE},{60F3B140-0715-411E-8807-A87DBCF83C0B},10:08.0,MODIFIED ATTRIBUTE,14:28.0,7413.216170703095486,2714735.978420359548181,0,0,0,0
Residential,1,STA,ST. ANDREWS HEIGHTS,CENTRE,ESTABLISHED,1950s,{53FC24B5-E2BE-4199-8E91-27805F27E1C5},{0030B14A-F367-404C-9469-F79DAF44BCAD},10:24.0,MODIFIED ATTRIBUTE,00:14.0,7843.549422642714489,2933234.661644842009991,0.310102762,1,3.40921E-07,0.067326653
Residential,1,STR,STRATHCONA PARK,WEST,ESTABLISHED,1980s/1990s,{D246F218-6BD1-4685-9E11-03AC64480EFE},{D2E7850E-D244-48D9-9654-6BAC899B38C8},10:18.0,MODIFIED ATTRIBUTE,11:22.0,14522.584523230965715,6836227.094353571534157,0,0,0,0
Residential,1,SNA,SUNALTA,CENTRE,ESTABLISHED,INNER CITY,{AB358C4F-C158-4247-9C62-B9675734A5CA},{C838B434-70DA-46B0-80C3-B2C8F1152EB6},10:14.0,MODIFIED ATTRIBUTE,03:57.0,7467.823989179587443,2367595.658786187414080,0.310175647,1,4.22369E-07,0.08341157
Residential,1,SDC,SUNDANCE,SOUTH,ESTABLISHED,1980s/1990s,{9AE80C92-2336-43C9-95EE-84246333E71D},{8F74A632-D62F-4B51-981F-674A6C60DEB9},10:20.0,MODIFIED ATTRIBUTE,35:49.0,14401.011110359866507,9982548.499783067032695,0,0,0,0
Residential,1,SSD,SUNNYSIDE,CENTRE,ESTABLISHED,INNER CITY,{6D8CC52A-1A2F-4918-BE80-CFC00CA493D1},{6A1A9D1B-5343-4F71-9FAA-1105564A5B1B},10:17.0,MODIFIED ATTRIBUTE,26:20.0,9298.885344505548346,2585003.771514466032386,0.222291755,1,3.86847E-07,0.076396357
Residential,1,TAR,TARADALE,NORTHEAST,COMPLETE,2000s,{3622478F-0641-4254-830A-826D6CA38440},{AE5508A3-25AD-4DC1-9FFD-64E50D6B4D35},10:13.0,MODIFIED ATTRIBUTE,21:21.0,10899.226787102094022,7208559.893646781332791,0.267241756,3,4.16172E-07,0.082187652
Residential,1,TEM,TEMPLE,NORTHEAST,ESTABLISHED,1960s/1970s,{9A41725B-A85F-45A7-BE62-0083E5BB5C94},{E25A51DC-2525-4838-95F6-7E568936CE7A},10:15.0,MODIFIED ATTRIBUTE,02:53.0,10336.799954360310949,6644996.403010310605168,0.40152537,3,4.51468E-07,0.089158004
Residential,1,THO,THORNCLIFFE,NORTH,ESTABLISHED,1950s,{EA782D9D-18A3-4EF7-914A-35D9ECB4B79A},{FD9A8EEB-58E4-4018-81EF-6D32601C937F},10:27.0,MODIFIED ATTRIBUTE,30:58.0,13095.902178658843695,8280991.074312930926681,0,0,0,0
Residential,1,TUS,TUSCANY,NORTHWEST,COMPLETE,2000s,{DA74425F-9DC5-40A4-B46E-6601B0CC93A5},{A53B0427-DAD2-4652-A12D-A364A583B5B4},43:04.0,MODIFIED ATTRIBUTE,27:17.0,18563.757010634260951,17236127.368129163980484,0.155209549,1,5.80177E-08,0.011457613
Residential,1,TUX,TUXEDO PARK,CENTRE,ESTABLISHED,INNER CITY,{05855C4C-2741-4543-B8CC-A4011F5B2FF6},{55F8D2F3-600F-4DD2-B5EC-3002BDB3098B},10:24.0,MODIFIED ATTRIBUTE,07:04.0,7873.915553449210165,3360882.265327887609601,0.079475308,2,5.95082E-07,0.11751966
Residential,1,UNI,UNIVERSITY HEIGHTS,NORTHWEST,ESTABLISHED,1960s/1970s,{225FE441-0D18-441A-A1A5-5B0F01ADD8A4},{818E767C-7811-4E71-B8EE-93409A8E3C1B},10:04.0,MODIFIED ATTRIBUTE,59:50.0,6393.622358128608539,2066994.555185925215483,0,0,0,0
Residential,1,UMR,UPPER MOUNT ROYAL,CENTRE,ESTABLISHED,INNER CITY,{8A15FF20-1023-471B-82B5-01C2624F218C},{AA9817F7-EAFE-432A-B60B-F3D435B7191C},10:21.0,MODIFIED ATTRIBUTE,49:38.0,8086.608200898761424,3218729.199281549081206,0,0,0,0
Residential,1,VAL,VALLEY RIDGE,WEST,ESTABLISHED,2000s,{E70845DF-E424-4DBD-8386-671E0D9B5F27},{CD1B8C47-C051-4178-9C77-6C686C34B509},10:35.0,MODIFIED ATTRIBUTE,15:02.0,13820.645793673698790,8331242.460138265974820,0,0,0,0
Residential,1,VAR,VARSITY,NORTHWEST,ESTABLISHED,1960s/1970s,{5214BF28-337D-4AEA-9DCA-2337A8B2F6E6},{30B58E9A-3124-4D56-A00B-25D97ACF5E72},10:28.0,MODIFIED ATTRIBUTE,36:10.0,18797.716647086548619,17243890.811726495623589,0.68932004,4,2.31966E-07,0.045809817
Residential,1,WAL,WALDEN,SOUTH,DEVELOPING,BUILDING OUT,{B4E5543F-7218-44B9-A0D8-E6D0783FA2A4},{0BDA6C42-4D4B-4F29-838D-8FD7A9541C92},10:09.0,MODIFIED SHAPE,50:34.0,13015.122130783880493,6169273.211350992321968,0,0,0,0
Residential,1,WHL,WEST HILLHURST,CENTRE,ESTABLISHED,INNER CITY,{9F7748F0-C9A1-466D-9888-B37E723B8DD6},{FC2AF3A2-2470-45BA-9280-394121FC2F84},10:31.0,MODIFIED ATTRIBUTE,20:04.0,11296.266671403949658,5962331.573886877857149,0,0,0,0
Residential,1,WSP,WEST SPRINGS,WEST,DEVELOPING,BUILDING OUT,{048516CE-B851-4B28-A1BE-3C7A8D833960},{F25CA628-B354-49C8-A1F3-8305B284A18B},10:07.0,CREATED,15:46.0,13411.462917858218134,10557088.716129364445806,0,0,0,0
Residential,1,WGT,WESTGATE,WEST,ESTABLISHED,1950s,{C025B948-57E4-4295-9F9E-C5266B6BB289},{BA8EBBA8-9A46-4886-95CE-32FCCBB7F913},10:26.0,MODIFIED ATTRIBUTE,37:08.0,7329.533072106379223,2941231.566452017985284,0.092261247,1,3.39994E-07,0.067143598
Residential,1,WHI,WHITEHORN,NORTHEAST,ESTABLISHED,1960s/1970s,{5ADBFC5F-987B-4FBC-AE2B-8F2D1EB621B5},{8D4B6680-DD39-4F05-A68A-4A4A5BCF56BF},10:16.0,MODIFIED ATTRIBUTE,58:40.0,10318.644180939545549,6688957.937486044131219,0.715818251,5,7.47501E-07,0.147620057
Residential,1,WLD,WILDWOOD,WEST,ESTABLISHED,1950s,{8803A072-CE49-4F5A-A2D2-BD475FDE1675},{8F4BCD73-F2ED-438E-A350-CFF213AEC51D},10:25.0,MODIFIED ATTRIBUTE,43:33.0,13732.152625526341581,6479778.019749817438424,0,0,0,0
Residential,1,WIL,WILLOW PARK,SOUTH,ESTABLISHED,1960s/1970s,{A638E636-A9A4-4441-A9B9-579EB914FDC9},{D6338F12-C38A-475D-B204-5E6F36F658E4},10:05.0,MODIFIED ATTRIBUTE,45:15.0,11632.153844456564912,8557210.250743912532926,0.027842637,1,1.16861E-07,0.023078184
Residential,1,WND,WINDSOR PARK,CENTRE,ESTABLISHED,1950s,{9A720D54-7F7D-4753-A50E-B84429C07B79},{8BF4D594-9540-4819-8970-CA3C3E06ACFB},10:15.0,MODIFIED ATTRIBUTE,55:00.0,8471.110337727397564,3217860.491464888211340,0,0,0,0
Residential,1,WIN,WINSTON HEIGHTS/MOUNTVIEW,CENTRE,ESTABLISHED,1950s,{03331791-879E-4D7B-863E-C7AFE0A01A8D},{D4D49A52-B9F6-4416-AF44-E589F25BF1FB},10:00.0,MODIFIED ATTRIBUTE,08:38.0,13115.347835484748430,7638408.346547833643854,0.233351466,2,2.61835E-07,0.051708383
Residential,1,WWO,WOLF WILLOW,SOUTH,DEVELOPING,BUILDING OUT,{8BDF3AF2-CE52-4D24-BBEE-1B7C73CE4FAD},{A0018F55-EA8D-4036-9C64-AC66F1ED9B1E},13:52.0,MODIFIED SHAPE,15:31.0,13994.171310603527672,7157917.550345085561275,0,0,0,0
Residential,1,WBN,WOODBINE,SOUTH,ESTABLISHED,1980s/1990s,{9876FE58-857D-41AC-91FE-19DA5130FAAE},{D6F61B00-2654-45C7-BF79-4E774F474CE8},10:12.0,MODIFIED ATTRIBUTE,32:18.0,15251.796077596556643,8115057.617077342234552,0.304154533,2,2.46455E-07,0.048671218
Residential,1,WOO,WOODLANDS,SOUTH,ESTABLISHED,1980s/1990s,{F108F54D-9BB8-4130-9D96-433585FE6F1D},{C43D2F13-4700-4654-8CD8-AFEFA777EB72},10:29.0,MODIFIED ATTRIBUTE,44:41.0,13231.312519945306121,7054156.255805881693959,0.317384406,2,2.83521E-07,0.055991068
Residential,1,YKV,YORKVILLE,SOUTH,DEVELOPING,BUILDING OUT,{10EF9FD5-A419-4A0F-AF7D-24E7C6BE3BBF},{6CEA8AF8-FB5A-4006-9E73-EEF5FE71545F},19:37.0,MODIFIED SHAPE,32:05.0,10319.289366749033434,4994115.052848690189421,0,0,0,0