,Community,Blue Trips,Blue Freq,Red Trips,Red Freq,Green Trips,Green Freq,Teal Trips,Teal Freq,Orange Trips,Orange Freq,Yellow Trips,Yellow Freq,Purple Trips,Purple Freq,East Gray Trips,East Gray Freq,West Gray Trips,West Gray Freq,Future Brentwood Trips,Future Brentwood Freq,Future Tuscany Trips,Future Tuscany Freq,Population,Total Freq,Sum Train Capacity,Sum Bus Capacity,Capacity Index,SS Freq,SS Cap
0,Acadia,0,0.0,444,6.7,0,0.0,65,15.6923,0,0.0,0,0.0,0,0.0,65,15.6923,65,15.6923,65,15.6923,65,15.6923,5925,85.1615,266400,21125,48.527426160337555,0.8972727224835768,0.0435869758744829
1,Airport,0,0.0,0,0.0,0,0.0,0,0.0,0,0.0,0,0.0,0,0.0,0,0.0,0,0.0,0,0.0,0,0.0,9915,0.0,0,0,0.0,0.0,0.0
2,Altadore,0,0.0,0,0.0,0,0.0,0,0.0,0,0.0,75,9.75,0,0.0,0,0.0,0,0.0,0,0.0,0,0.0,6740,9.75,0,4875,0.723293768545994,0.10272727751642319,0.0006496571224612991
3,Applewood Park,0,0.0,0,0.0,0,0.0,0,0.0,0,0.0,0,0.0,127,20.5172,0,0.0,0,0.0,0,0.0,0,0.0,7290,20.5172,0,8255,1.1323731138545954,0.21617190751384183,0.001017089169976082
4,Arbour Lake,0,0.0,444,6.7,0,0.0,0,0.0,0,0.0,0,0.0,0,0.0,0,0.0,0,0.0,0,0.0,0,0.0,6830,6.7,266400,0,39.004392386530014,0.07059207788308056,0.03503345725226328
5,Aspen Woods,193,8.9333,0,0.0,0,0.0,0,0.0,0,0.0,0,0.0,0,0.0,0,0.0,0,0.0,0,0.0,0,0.0,10335,8.9333,115800,0,11.204644412191582,0.09412241930640648,0.01006392888142735
6,Aspen Woods,193,8.9333,0,0.0,0,0.0,0,0.0,0,0.0,0,0.0,0,0.0,0,0.0,0,0.0,0,0.0,0,0.0,9435,8.9333,115800,0,12.273449920508744,0.09412241930640648,0.011023922097461754
7,Auburn Bay ,0,0.0,0,0.0,444,6.7,0,0.0,0,0.0,0,0.0,0,0.0,0,0.0,0,0.0,0,0.0,0,0.0,9435,6.7,266400,0,28.235294117647058,0.07059207788308056,0.02536073270089647
8,Banff Trail,0,0.0,444,6.7,0,0.0,0,0.0,98,7.0833,0,0.0,0,0.0,0,0.0,0,0.0,0,0.0,0,0.0,18090,13.7833,266400,6370,15.078496406854615,0.14522265478893495,0.013543394140409067
9,Bayview,0,0.0,0,0.0,0,0.0,0,0.0,0,0.0,75,9.75,0,0.0,0,0.0,0,0.0,0,0.0,0,0.0,3805,9.75,0,4875,1.281208935611038,0.10272727751642319,0.0011507724061469529
10,Beddington Heights  ,0,0.0,0,0.0,444,6.7,0,0.0,0,0.0,0,0.0,0,0.0,0,0.0,0,0.0,0,0.0,0,0.0,5125,6.7,266400,0,51.98048780487805,0.07059207788308056,0.04668849034789428
11,Beltline,0,0.0,444,6.7,444,6.7,0,0.0,0,0.0,75,9.75,127,20.5172,0,0.0,0,0.0,0,0.0,0,0.0,670,43.667199999999994,532800,13130,814.820895522388,0.46008334079642604,0.7318661121200465
12,Bowness   ,0,0.0,0,0.0,0,0.0,0,0.0,0,0.0,0,0.0,0,0.0,0,0.0,0,0.0,0,0.0,0,0.0,11295,0.0,0,0,0.0,0.0,0.0
13,Braeside,0,0.0,0,0.0,0,0.0,0,0.0,0,0.0,75,9.75,0,0.0,0,0.0,0,0.0,0,0.0,0,0.0,400,9.75,0,4875,12.1875,0.10272727751642319,0.01094672251347289
14,Brentwood,0,0.0,444,6.7,0,0.0,0,0.0,98,7.0833,0,0.0,0,0.0,0,0.0,0,0.0,0,0.0,0,0.0,800,13.7833,266400,6370,340.9625,0.14522265478893495,0.30625
15,Bridgeland/Riverside,193,8.9333,0,0.0,0,0.0,0,0.0,0,0.0,0,0.0,0,0.0,0,0.0,0,0.0,0,0.0,0,0.0,25880,8.9333,115800,0,4.474497681607419,0.09412241930640648,0.004018960780121779
16,Canyon Meadows,0,0.0,444,6.7,0,0.0,0,0.0,0,0.0,0,0.0,0,0.0,0,0.0,0,0.0,0,0.0,0,0.0,830,6.7,266400,0,320.96385542168673,0.07059207788308056,0.2882873650999496
17,Capitol Hill,0,0.0,0,0.0,0,0.0,0,0.0,98,7.0833,0,0.0,0,0.0,0,0.0,0,0.0,0,0.0,0,0.0,10770,7.0833,0,6370,0.5914577530176416,0.0746305769058544,0.0005312429867262609
18,Castleridge,193,8.9333,0,0.0,0,0.0,0,0.0,98,7.0833,0,0.0,0,0.0,0,0.0,0,0.0,0,0.0,0,0.0,5700,16.0166,115800,6370,21.433333333333334,0.1687529962122609,0.019251261746770786
19,Cedarbrae,0,0.0,0,0.0,0,0.0,0,0.0,0,0.0,75,9.75,0,0.0,0,0.0,0,0.0,0,0.0,0,0.0,7410,9.75,0,4875,0.6578947368421053,0.10272727751642319,0.0005909161950592653
20,Charleswood,0,0.0,444,6.7,0,0.0,0,0.0,0,0.0,0,0.0,0,0.0,0,0.0,0,0.0,0,0.0,0,0.0,6350,6.7,266400,0,41.95275590551181,0.07059207788308056,0.037681655595741444
21,Chinatown,0,0.0,0,0.0,444,6.7,0,0.0,0,0.0,75,9.75,0,0.0,0,0.0,0,0.0,0,0.0,0,0.0,12545,16.45,266400,4875,21.624153049023516,0.17331935539950374,0.019422654606484444
22,Chinook Park,0,0.0,0,0.0,0,0.0,65,15.6923,0,0.0,75,9.75,0,0.0,65,15.6923,65,15.6923,65,15.6923,65,15.6923,765,88.2115,0,26000,33.98692810457516,0.9294079221169195,0.030526807880708714
23,Christie Park,193,8.9333,0,0.0,0,0.0,0,0.0,0,0.0,0,0.0,0,0.0,0,0.0,0,0.0,0,0.0,0,0.0,2000,8.9333,115800,0,57.9,0.09412241930640648,0.05200535249477582
24,Citadel   ,0,0.0,0,0.0,0,0.0,0,0.0,0,0.0,0,0.0,0,0.0,0,0.0,0,0.0,0,0.0,0,0.0,7435,0.0,0,0,0.0,0.0,0.0
25,Cityscape,0,0.0,0,0.0,0,0.0,0,0.0,0,0.0,0,0.0,0,0.0,0,0.0,0,0.0,0,0.0,0,0.0,4670,0.0,0,0,0.0,0.0,0.0
26,Copperfield  ,0,0.0,0,0.0,444,6.7,0,0.0,0,0.0,0,0.0,0,0.0,0,0.0,0,0.0,0,0.0,0,0.0,2750,6.7,266400,0,96.87272727272727,0.07059207788308056,0.08701036837562116
27,Cornerstone,193,8.9333,0,0.0,0,0.0,0,0.0,0,0.0,0,0.0,0,0.0,0,0.0,0,0.0,0,0.0,0,0.0,6130,8.9333,115800,0,18.890701468189235,0.09412241930640648,0.016967488579045946
28,Country Hills ,0,0.0,0,0.0,444,6.7,0,0.0,0,0.0,0,0.0,0,0.0,0,0.0,0,0.0,0,0.0,0,0.0,5935,6.7,266400,0,44.88626790227464,0.07059207788308056,0.0403165144116189
29,Country Hills Village,0,0.0,0,0.0,444,6.7,0,0.0,0,0.0,0,0.0,0,0.0,0,0.0,0,0.0,0,0.0,0,0.0,12500,6.7,266400,0,21.312,0.07059207788308056,0.019142281042636655
30,Coventry Hills ,0,0.0,0,0.0,444,6.7,0,0.0,0,0.0,0,0.0,0,0.0,0,0.0,0,0.0,0,0.0,0,0.0,3595,6.7,266400,0,74.1029207232267,0.07059207788308056,0.06655869625395221
31,Crescent Heights,0,0.0,0,0.0,444,6.7,0,0.0,98,7.0833,0,0.0,0,0.0,0,0.0,0,0.0,0,0.0,0,0.0,2250,13.7833,266400,6370,121.2311111111111,0.14522265478893495,0.1088888888888889
32,Currie Barracks,0,0.0,0,0.0,0,0.0,0,0.0,0,0.0,75,9.75,0,0.0,0,0.0,0,0.0,0,0.0,0,0.0,1535,9.75,0,4875,3.175895765472313,0.10272727751642319,0.0028525661272893526
33,Dalhousie,0,0.0,444,6.7,0,0.0,0,0.0,0,0.0,0,0.0,0,0.0,0,0.0,0,0.0,0,0.0,0,0.0,1880,6.7,266400,0,141.70212765957447,0.07059207788308056,0.127275804804765
34,Douglas Glen,0,0.0,0,0.0,0,0.0,65,15.6923,0,0.0,0,0.0,0,0.0,65,15.6923,65,15.6923,65,15.6923,65,15.6923,10180,78.4615,0,21125,2.075147347740668,0.8266806446004963,0.0018638820258696474
35,Douglasdale/Glen  ,0,0.0,0,0.0,444,6.7,0,0.0,0,0.0,0,0.0,0,0.0,0,0.0,0,0.0,0,0.0,0,0.0,5085,6.7,266400,0,52.389380530973455,0.07059207788308056,0.04705575477540968
36,Downtown Commercial Core,0,0.0,0,0.0,0,0.0,0,0.0,0,0.0,75,9.75,127,20.5172,0,0.0,0,0.0,0,0.0,0,0.0,1805,30.2672,0,13130,7.274238227146815,0.318899185030265,0.0065336670662131825
37,Downtown Commercial District,193,8.9333,444,6.7,0,0.0,0,0.0,0,0.0,0,0.0,0,0.0,0,0.0,0,0.0,0,0.0,0,0.0,3275,15.633299999999998,382200,0,116.70229007633588,0.16471449718948702,0.10482113527404881
38,Downtown West End,193,8.9333,0,0.0,0,0.0,0,0.0,0,0.0,75,9.75,0,0.0,0,0.0,0,0.0,0,0.0,0,0.0,2290,18.6833,115800,4875,52.69650655021834,0.19684969682282968,0.04733161309822742
39,Eagle Ridge,0,0.0,0,0.0,0,0.0,0,0.0,0,0.0,75,9.75,0,0.0,0,0.0,0,0.0,0,0.0,0,0.0,14095,9.75,0,4875,0.3458673288400142,0.10272727751642319,0.0003106554810492484
40,East Village,0,0.0,0,0.0,0,0.0,0,0.0,0,0.0,0,0.0,127,20.5172,0,0.0,0,0.0,0,0.0,0,0.0,5610,20.5172,0,8255,1.4714795008912656,0.21617190751384183,0.0013216720230170476
41,Eau Claire  ,0,0.0,0,0.0,444,6.7,0,0.0,0,0.0,0,0.0,0,0.0,0,0.0,0,0.0,0,0.0,0,0.0,6190,6.7,266400,0,43.03715670436188,0.07059207788308056,0.038655656386584525
42,Edgemont   ,0,0.0,0,0.0,0,0.0,0,0.0,0,0.0,0,0.0,0,0.0,0,0.0,0,0.0,0,0.0,0,0.0,7150,0.0,0,0,0.0,0.0,0.0
43,Erin Woods,0,0.0,0,0.0,0,0.0,0,0.0,0,0.0,0,0.0,0,0.0,0,0.0,0,0.0,0,0.0,0,0.0,3660,0.0,0,0,0.0,0.0,0.0
44,Erlton,0,0.0,444,6.7,0,0.0,0,0.0,0,0.0,0,0.0,0,0.0,0,0.0,0,0.0,0,0.0,0,0.0,2040,6.7,266400,0,130.58823529411765,0.07059207788308056,0.11729338874164617
45,Evanston   ,0,0.0,0,0.0,0,0.0,0,0.0,0,0.0,0,0.0,0,0.0,0,0.0,0,0.0,0,0.0,0,0.0,17350,0.0,0,0,0.0,0.0,0.0
46,Fairview,0,0.0,0,0.0,0,0.0,65,15.6923,0,0.0,0,0.0,0,0.0,65,15.6923,65,15.6923,65,15.6923,65,15.6923,20850,78.4615,0,21125,1.013189448441247,0.8266806446004963,0.0009100392816955879
47,Falconridge,0,0.0,0,0.0,0,0.0,0,0.0,98,7.0833,0,0.0,0,0.0,0,0.0,0,0.0,0,0.0,0,0.0,6240,7.0833,0,6370,1.0208333333333333,0.0746305769058544,0.00091690496266696
48,Forest Heights,0,0.0,0,0.0,0,0.0,0,0.0,0,0.0,0,0.0,127,20.5172,0,0.0,0,0.0,0,0.0,0,0.0,2275,20.5172,0,8255,3.6285714285714286,0.21617190751384183,0.0032591560655497306
49,Forest Lawn,193,8.9333,0,0.0,0,0.0,0,0.0,0,0.0,0,0.0,127,20.5172,0,0.0,0,0.0,0,0.0,0,0.0,1275,29.450499999999998,115800,8255,97.29803921568627,0.3102943268202483,0.08739238042249199
50,Glamorgan,0,0.0,0,0.0,0,0.0,65,15.6923,0,0.0,0,0.0,0,0.0,65,15.6923,65,15.6923,65,15.6923,65,15.6923,8530,78.4615,0,21125,2.4765533411488865,0.8266806446004963,0.0022244219253637764
51,Glenbrook,0,0.0,0,0.0,0,0.0,65,15.6923,0,0.0,0,0.0,0,0.0,65,15.6923,65,15.6923,65,15.6923,65,15.6923,3795,78.4615,0,21125,5.566534914361001,0.8266806446004963,0.004999820559513309
52,Glendale,193,8.9333,0,0.0,0,0.0,65,15.6923,0,0.0,0,0.0,0,0.0,65,15.6923,65,15.6923,65,15.6923,65,15.6923,4910,87.3948,115800,21125,27.886965376782076,0.9208030639069027,0.025047866397740252
53,Greenwood/Greenbriar   ,0,0.0,0,0.0,0,0.0,0,0.0,0,0.0,0,0.0,0,0.0,0,0.0,0,0.0,0,0.0,0,0.0,625,0.0,0,0,0.0,0.0,0.0
54,Hamptons   ,0,0.0,0,0.0,0,0.0,0,0.0,0,0.0,0,0.0,0,0.0,0,0.0,0,0.0,0,0.0,0,0.0,4330,0.0,0,0,0.0,0.0,0.0
55,Harvest Hills,0,0.0,0,0.0,444,6.7,0,0.0,0,0.0,0,0.0,0,0.0,0,0.0,0,0.0,0,0.0,0,0.0,12920,6.7,266400,0,20.61919504643963,0.07059207788308056,0.018520008748680976
56,Haysboro,0,0.0,444,6.7,0,0.0,65,15.6923,0,0.0,75,9.75,0,0.0,65,15.6923,65,15.6923,65,15.6923,65,15.6923,10795,94.9115,266400,26000,27.086614173228348,1.0,0.024328996856109345
57,Highland Park ,0,0.0,0,0.0,444,6.7,0,0.0,0,0.0,0,0.0,0,0.0,0,0.0,0,0.0,0,0.0,0,0.0,8225,6.7,266400,0,32.389057750759875,0.07059207788308056,0.029091612526803423
58,Highwood  ,0,0.0,0,0.0,444,6.7,0,0.0,0,0.0,0,0.0,0,0.0,0,0.0,0,0.0,0,0.0,0,0.0,3140,6.7,266400,0,84.8407643312102,0.07059207788308056,0.07620334809966822
59,Hillhurst,0,0.0,444,6.7,0,0.0,0,0.0,98,7.0833,0,0.0,0,0.0,0,0.0,0,0.0,0,0.0,0,0.0,2825,13.7833,266400,6370,96.55575221238938,0.14522265478893495,0.08672566371681416
60,Hounsfield Heights/Briar Hill,0,0.0,444,6.7,0,0.0,0,0.0,98,7.0833,0,0.0,0,0.0,0,0.0,0,0.0,0,0.0,0,0.0,260,13.7833,266400,6370,1049.1153846153845,0.14522265478893495,0.9423076923076923
61,Huntington Hills ,0,0.0,0,0.0,444,6.7,0,0.0,0,0.0,0,0.0,0,0.0,0,0.0,0,0.0,0,0.0,0,0.0,1875,6.7,266400,0,142.08,0.07059207788308056,0.12761520695091105
62,Industrial G,0,0.0,0,0.0,0,0.0,0,0.0,0,0.0,0,0.0,0,0.0,0,0.0,0,0.0,0,0.0,0,0.0,15255,0.0,0,0,0.0,0.0,0.0
63,Industrial T,0,0.0,0,0.0,0,0.0,65,15.6923,0,0.0,0,0.0,0,0.0,65,15.6923,65,15.6923,65,15.6923,65,15.6923,3285,78.4615,0,21125,6.430745814307458,0.8266806446004963,0.005776048408935467
64,Inglewood,0,0.0,0,0.0,0,0.0,0,0.0,0,0.0,0,0.0,127,20.5172,0,0.0,0,0.0,0,0.0,0,0.0,1835,20.5172,0,8255,4.498637602179836,0.21617190751384183,0.004040643078542581
65,Inglewood  ,0,0.0,0,0.0,444,6.7,0,0.0,0,0.0,0,0.0,0,0.0,0,0.0,0,0.0,0,0.0,0,0.0,6790,6.7,266400,0,39.23416789396171,0.07059207788308056,0.03523983991648869
66,Kelvin Grove,0,0.0,0,0.0,0,0.0,65,15.6923,0,0.0,75,9.75,0,0.0,65,15.6923,65,15.6923,65,15.6923,65,15.6923,1280,88.2115,0,26000,20.3125,0.9294079221169195,0.018244537522454817
67,Killarney,193,8.9333,0,0.0,0,0.0,0,0.0,0,0.0,0,0.0,0,0.0,0,0.0,0,0.0,0,0.0,0,0.0,18710,8.9333,115800,0,6.189203634420096,0.09412241930640648,0.005559097006389719
68,Killarney/glengarry,0,0.0,0,0.0,0,0.0,65,15.6923,0,0.0,0,0.0,0,0.0,65,15.6923,65,15.6923,65,15.6923,65,15.6923,20780,78.4615,0,21125,1.0166025024061598,0.8266806446004963,0.0009131048615665548
69,Kingsland,0,0.0,0,0.0,0,0.0,65,15.6923,0,0.0,0,0.0,0,0.0,65,15.6923,65,15.6923,65,15.6923,65,15.6923,3675,78.4615,0,21125,5.7482993197278915,0.8266806446004963,0.0051630800063545606
70,Lake Bonavista,0,0.0,444,6.7,0,0.0,0,0.0,0,0.0,0,0.0,0,0.0,0,0.0,0,0.0,0,0.0,0,0.0,10325,6.7,266400,0,25.80145278450363,0.07059207788308056,0.02317467438575866
71,Lincoln Park,0,0.0,0,0.0,0,0.0,65,15.6923,0,0.0,75,9.75,0,0.0,65,15.6923,65,15.6923,65,15.6923,65,15.6923,430,88.2115,0,26000,60.46511627906977,0.9294079221169195,0.054309320997074806
72,Livingston  ,0,0.0,0,0.0,444,6.7,0,0.0,0,0.0,0,0.0,0,0.0,0,0.0,0,0.0,0,0.0,0,0.0,5985,6.7,266400,0,44.51127819548872,0.07059207788308056,0.039979701425724004
73,Mahogany,0,0.0,0,0.0,444,6.7,0,0.0,0,0.0,0,0.0,0,0.0,0,0.0,0,0.0,0,0.0,0,0.0,7230,6.7,266400,0,36.84647302904564,0.07059207788308056,0.033095230018389786
74,Manchester,0,0.0,444,6.7,444,6.7,0,0.0,0,0.0,0,0.0,0,0.0,0,0.0,0,0.0,0,0.0,0,0.0,1680,13.4,532800,0,317.14285714285717,0.1411841557661611,0.2848553726582836
75,"Marlborough Park
",193,8.9333,0,0.0,0,0.0,0,0.0,0,0.0,0,0.0,0,0.0,0,0.0,0,0.0,0,0.0,0,0.0,2860,8.9333,115800,0,40.48951048951049,0.09412241930640648,0.036367379366976094
76,Martindale,193,8.9333,0,0.0,0,0.0,0,0.0,98,7.0833,0,0.0,0,0.0,0,0.0,0,0.0,0,0.0,0,0.0,6575,16.0166,115800,6370,18.580988593155894,0.1687529962122609,0.016689306761459084
77,Mayland Heights,193,8.9333,0,0.0,0,0.0,0,0.0,98,7.0833,0,0.0,0,0.0,0,0.0,0,0.0,0,0.0,0,0.0,7240,16.0166,115800,6370,16.874309392265193,0.1687529962122609,0.01515638010450186
78,McKenzie Towne,0,0.0,0,0.0,444,6.7,0,0.0,0,0.0,0,0.0,0,0.0,0,0.0,0,0.0,0,0.0,0,0.0,2715,6.7,266400,0,98.12154696132596,0.07059207788308056,0.08813204899924795
79,Meadowlark Park,0,0.0,444,6.7,0,0.0,0,0.0,0,0.0,0,0.0,0,0.0,0,0.0,0,0.0,0,0.0,0,0.0,2100,6.7,266400,0,126.85714285714286,0.07059207788308056,0.11394214906331343
80,Midnapore,0,0.0,444,6.7,0,0.0,0,0.0,0,0.0,0,0.0,0,0.0,0,0.0,0,0.0,0,0.0,0,0.0,1055,6.7,266400,0,252.51184834123222,0.07059207788308056,0.22680427775635847
81,Millrise,0,0.0,444,6.7,0,0.0,0,0.0,0,0.0,0,0.0,0,0.0,0,0.0,0,0.0,0,0.0,0,0.0,7360,6.7,266400,0,36.19565217391305,0.07059207788308056,0.03251066753165193
82,Montgomery,0,0.0,0,0.0,0,0.0,0,0.0,98,7.0833,0,0.0,0,0.0,0,0.0,0,0.0,0,0.0,0,0.0,7805,7.0833,0,6370,0.8161434977578476,0.0746305769058544,0.0007330540636824895
83,Mount Pleasant,0,0.0,0,0.0,444,6.7,0,0.0,98,7.0833,0,0.0,0,0.0,0,0.0,0,0.0,0,0.0,0,0.0,9115,13.7833,266400,6370,29.92539769610532,0.14522265478893495,0.02687877125617115
84,New Brighton,0,0.0,0,0.0,444,6.7,0,0.0,0,0.0,0,0.0,0,0.0,0,0.0,0,0.0,0,0.0,0,0.0,6960,6.7,266400,0,38.275862068965516,0.07059207788308056,0.03437909670013767
85,Nolan Hill  ,0,0.0,0,0.0,0,0.0,0,0.0,0,0.0,0,0.0,0,0.0,0,0.0,0,0.0,0,0.0,0,0.0,11540,0.0,0,0,0.0,0.0,0.0
86,North Glenmore Park,0,0.0,0,0.0,0,0.0,65,15.6923,0,0.0,75,9.75,0,0.0,65,15.6923,65,15.6923,65,15.6923,65,15.6923,4105,88.2115,0,26000,6.33373934226553,0.9294079221169195,0.005688917911995656
87,Oakridge,0,0.0,0,0.0,0,0.0,0,0.0,0,0.0,75,9.75,0,0.0,0,0.0,0,0.0,0,0.0,0,0.0,2205,9.75,0,4875,2.2108843537414966,0.10272727751642319,0.0019858000024440617
88,Ogden  ,0,0.0,0,0.0,444,6.7,0,0.0,0,0.0,0,0.0,0,0.0,0,0.0,0,0.0,0,0.0,0,0.0,5475,6.7,266400,0,48.657534246575345,0.07059207788308056,0.043703837996887346
89,Palliser,0,0.0,0,0.0,0,0.0,0,0.0,0,0.0,75,9.75,0,0.0,0,0.0,0,0.0,0,0.0,0,0.0,2470,9.75,0,4875,1.9736842105263157,0.10272727751642319,0.001772748585177796
90,Panorama Hills  ,0,0.0,0,0.0,444,6.7,0,0.0,0,0.0,0,0.0,0,0.0,0,0.0,0,0.0,0,0.0,0,0.0,13120,6.7,266400,0,20.304878048780488,0.07059207788308056,0.018237691542146203
91,Parkdale   ,0,0.0,0,0.0,0,0.0,0,0.0,0,0.0,0,0.0,0,0.0,0,0.0,0,0.0,0,0.0,0,0.0,4130,0.0,0,0,0.0,0.0,0.0
92,Parkhill,0,0.0,444,6.7,0,0.0,0,0.0,0,0.0,0,0.0,0,0.0,0,0.0,0,0.0,0,0.0,0,0.0,1805,6.7,266400,0,147.59002770083103,0.07059207788308056,0.1325642731484533
93,Penbrooke Meadows,0,0.0,0,0.0,0,0.0,0,0.0,0,0.0,0,0.0,127,20.5172,0,0.0,0,0.0,0,0.0,0,0.0,7920,20.5172,0,8255,1.04229797979798,0.21617190751384183,0.0009361843496370755
94,Pineridge,0,0.0,0,0.0,0,0.0,0,0.0,98,7.0833,0,0.0,0,0.0,0,0.0,0,0.0,0,0.0,0,0.0,7030,7.0833,0,6370,0.9061166429587483,0.0746305769058544,0.0008138672783843287
95,Point McKay  ,0,0.0,0,0.0,0,0.0,0,0.0,0,0.0,0,0.0,0,0.0,0,0.0,0,0.0,0,0.0,0,0.0,4900,0.0,0,0,0.0,0.0,0.0
96,Pump Hill,0,0.0,0,0.0,0,0.0,0,0.0,0,0.0,75,9.75,0,0.0,0,0.0,0,0.0,0,0.0,0,0.0,10145,9.75,0,4875,0.48053228191227204,0.10272727751642319,0.00043161054759873396
97,Quarry Park,0,0.0,0,0.0,444,6.7,65,15.6923,0,0.0,0,0.0,0,0.0,65,15.6923,65,15.6923,65,15.6923,65,15.6923,5640,85.1615,266400,21125,50.979609929078016,0.8972727224835768,0.045789509229842415
98,Queens Park Village,0,0.0,0,0.0,444,6.7,0,0.0,0,0.0,0,0.0,0,0.0,0,0.0,0,0.0,0,0.0,0,0.0,8100,6.7,266400,0,32.888888888888886,0.07059207788308056,0.029540557164562737
99,Ramsay,0,0.0,0,0.0,444,6.7,0,0.0,0,0.0,0,0.0,127,20.5172,0,0.0,0,0.0,0,0.0,0,0.0,1590,27.2172,266400,8255,172.73899371069183,0.2867639853969224,0.15515288873087033
100,Recreational   ,0,0.0,0,0.0,0,0.0,0,0.0,0,0.0,0,0.0,0,0.0,0,0.0,0,0.0,0,0.0,0,0.0,3985,0.0,0,0,0.0,0.0,0.0
101,Redstone,193,8.9333,0,0.0,0,0.0,0,0.0,0,0.0,0,0.0,0,0.0,0,0.0,0,0.0,0,0.0,0,0.0,2990,8.9333,115800,0,38.72909698996656,0.09412241930640648,0.03478618895971627
102,Renfrew,0,0.0,0,0.0,0,0.0,0,0.0,98,7.0833,0,0.0,0,0.0,0,0.0,0,0.0,0,0.0,0,0.0,4740,7.0833,0,6370,1.3438818565400843,0.0746305769058544,0.001207064760979289
103,Richmond,0,0.0,0,0.0,0,0.0,0,0.0,0,0.0,75,9.75,0,0.0,0,0.0,0,0.0,0,0.0,0,0.0,13860,9.75,0,4875,0.35173160173160173,0.10272727751642319,0.00031592272766155525
104,Riverbend,0,0.0,0,0.0,444,6.7,65,15.6923,0,0.0,0,0.0,0,0.0,65,15.6923,65,15.6923,65,15.6923,65,15.6923,950,85.1615,266400,21125,302.6578947368421,0.8972727224835768,0.2718450863750644
105,Rocky Ridge,0,0.0,444,6.7,0,0.0,0,0.0,0,0.0,0,0.0,0,0.0,0,0.0,0,0.0,0,0.0,0,0.0,1830,6.7,266400,0,145.5737704918033,0.07059207788308056,0.13075328581035967
106,Rosedale,0,0.0,0,0.0,0,0.0,0,0.0,98,7.0833,0,0.0,0,0.0,0,0.0,0,0.0,0,0.0,0,0.0,8910,7.0833,0,6370,0.7149270482603816,0.0746305769058544,0.0006421421960765241
107,Rosscarrock,193,8.9333,0,0.0,0,0.0,0,0.0,0,0.0,0,0.0,0,0.0,0,0.0,0,0.0,0,0.0,0,0.0,14540,8.9333,115800,0,7.9642365887207704,0.09412241930640648,0.007153418499969164
108,Royal Oak   ,0,0.0,0,0.0,0,0.0,0,0.0,0,0.0,0,0.0,0,0.0,0,0.0,0,0.0,0,0.0,0,0.0,410,0.0,0,0,0.0,0.0,0.0
109,Rundle,193,8.9333,0,0.0,0,0.0,0,0.0,98,7.0833,0,0.0,0,0.0,0,0.0,0,0.0,0,0.0,0,0.0,5925,16.0166,115800,6370,20.61940928270042,0.1687529962122609,0.018520201174108603
110,Rutland Park,0,0.0,0,0.0,0,0.0,65,15.6923,0,0.0,0,0.0,0,0.0,65,15.6923,65,15.6923,65,15.6923,65,15.6923,13290,78.4615,0,21125,1.5895410082769,0.8266806446004963,0.0014277139972425138
111,Saddle Ridge,193,8.9333,0,0.0,0,0.0,0,0.0,98,7.0833,0,0.0,0,0.0,0,0.0,0,0.0,0,0.0,0,0.0,17505,16.0166,115800,6370,6.979148814624393,0.1687529962122609,0.006268619934681147
112,Sage Hill  ,0,0.0,0,0.0,0,0.0,0,0.0,0,0.0,0,0.0,0,0.0,0,0.0,0,0.0,0,0.0,0,0.0,610,0.0,0,0,0.0,0.0,0.0
113,Scarboro-Sunalta West,0,0.0,0,0.0,0,0.0,0,0.0,0,0.0,75,9.75,0,0.0,0,0.0,0,0.0,0,0.0,0,0.0,6480,9.75,0,4875,0.7523148148148148,0.10272727751642319,0.0006757236119427709
114,Scenic Acres,0,0.0,444,6.7,0,0.0,0,0.0,0,0.0,0,0.0,0,0.0,0,0.0,0,0.0,0,0.0,0,0.0,6655,6.7,266400,0,40.030052592036064,0.07059207788308056,0.035954697675876515
115,Seton,0,0.0,0,0.0,444,6.7,0,0.0,0,0.0,0,0.0,0,0.0,0,0.0,0,0.0,0,0.0,0,0.0,4505,6.7,266400,0,59.13429522752497,0.07059207788308056,0.0531139873547077
116,Shaganappi,193,8.9333,0,0.0,0,0.0,0,0.0,0,0.0,0,0.0,0,0.0,0,0.0,0,0.0,0,0.0,0,0.0,10475,8.9333,115800,0,11.05489260143198,0.09412241930640648,0.009929422910697054
117,Shawnee Slopes,0,0.0,444,6.7,0,0.0,0,0.0,0,0.0,0,0.0,0,0.0,0,0.0,0,0.0,0,0.0,0,0.0,4175,6.7,266400,0,63.808383233532936,0.07059207788308056,0.05731221869052891
118,Shawnessy,0,0.0,444,6.7,0,0.0,0,0.0,0,0.0,0,0.0,0,0.0,0,0.0,0,0.0,0,0.0,0,0.0,6325,6.7,266400,0,42.11857707509881,0.07059207788308056,0.03783059494592224
119,Signal Hill,193,8.9333,0,0.0,0,0.0,0,0.0,0,0.0,0,0.0,0,0.0,0,0.0,0,0.0,0,0.0,0,0.0,12885,8.9333,115800,0,8.987194412107101,0.09412241930640648,0.008072231663915533
120,Simons Valley  ,0,0.0,0,0.0,0,0.0,0,0.0,0,0.0,0,0.0,0,0.0,0,0.0,0,0.0,0,0.0,0,0.0,8755,0.0,0,0,0.0,0.0,0.0
121,Skyview-Ranch,193,8.9333,0,0.0,0,0.0,0,0.0,0,0.0,0,0.0,0,0.0,0,0.0,0,0.0,0,0.0,0,0.0,2435,8.9333,115800,0,47.5564681724846,0.09412241930640648,0.042714868578871315
122,Somerset,0,0.0,444,6.7,0,0.0,0,0.0,0,0.0,0,0.0,0,0.0,0,0.0,0,0.0,0,0.0,0,0.0,2365,6.7,266400,0,112.64270613107823,0.07059207788308056,0.1011748469483967
123,Southview,0,0.0,0,0.0,0,0.0,0,0.0,0,0.0,0,0.0,127,20.5172,0,0.0,0,0.0,0,0.0,0,0.0,640,20.5172,0,8255,12.8984375,0.21617190751384183,0.011585281326758809
124,Southwood,0,0.0,444,6.7,0,0.0,0,0.0,0,0.0,0,0.0,0,0.0,0,0.0,0,0.0,0,0.0,0,0.0,5620,6.7,266400,0,47.40213523131673,0.07059207788308056,0.04257624787063313
125,Springbank Hill,193,8.9333,0,0.0,0,0.0,0,0.0,0,0.0,0,0.0,0,0.0,0,0.0,0,0.0,0,0.0,0,0.0,8315,8.9333,115800,0,13.926638604930847,0.09412241930640648,0.012508803967474641
126,St. Andrews Heights,0,0.0,0,0.0,0,0.0,0,0.0,98,7.0833,0,0.0,0,0.0,0,0.0,0,0.0,0,0.0,0,0.0,3285,7.0833,0,6370,1.939117199391172,0.0746305769058544,0.0017417007510020792
127,Sunalta,193,8.9333,0,0.0,0,0.0,0,0.0,0,0.0,0,0.0,0,0.0,0,0.0,0,0.0,0,0.0,0,0.0,25535,8.9333,115800,0,4.5349520266301155,0.09412241930640648,0.004073260426455909
128,Sunnyside,0,0.0,444,6.7,0,0.0,0,0.0,0,0.0,0,0.0,0,0.0,0,0.0,0,0.0,0,0.0,0,0.0,2300,6.7,266400,0,115.82608695652173,0.07059207788308056,0.10403413610128616
129,Taradale,193,8.9333,0,0.0,0,0.0,0,0.0,98,7.0833,0,0.0,0,0.0,0,0.0,0,0.0,0,0.0,0,0.0,1770,16.0166,115800,6370,69.0225988700565,0.1687529962122609,0.06199558867604151
130,Temple,0,0.0,0,0.0,0,0.0,0,0.0,98,7.0833,0,0.0,0,0.0,0,0.0,0,0.0,0,0.0,0,0.0,3430,7.0833,0,6370,1.8571428571428572,0.0746305769058544,0.0016680720020530119
131,Thorncliff  ,0,0.0,0,0.0,444,6.7,0,0.0,0,0.0,0,0.0,0,0.0,0,0.0,0,0.0,0,0.0,0,0.0,4145,6.7,266400,0,64.270205066345,0.07059207788308056,0.057727023650894625
132,Tuscany,0,0.0,444,6.7,0,0.0,0,0.0,0,0.0,0,0.0,0,0.0,0,0.0,0,0.0,0,0.0,0,0.0,8235,6.7,266400,0,32.349726775956285,0.07059207788308056,0.02905628573563548
133,Tuxedo Park,0,0.0,0,0.0,444,6.7,0,0.0,98,7.0833,0,0.0,0,0.0,0,0.0,0,0.0,0,0.0,0,0.0,245,13.7833,266400,6370,1113.3469387755101,0.14522265478893495,1.0
134,University Heights,0,0.0,444,6.7,0,0.0,0,0.0,98,7.0833,0,0.0,0,0.0,0,0.0,0,0.0,0,0.0,0,0.0,9850,13.7833,266400,6370,27.69238578680203,0.14522265478893495,0.02487309644670051
135,Varsity,0,0.0,444,6.7,0,0.0,0,0.0,98,7.0833,0,0.0,0,0.0,0,0.0,0,0.0,0,0.0,0,0.0,1330,13.7833,266400,6370,205.09022556390977,0.14522265478893495,0.1842105263157895
136,Walden,0,0.0,444,6.7,0,0.0,0,0.0,0,0.0,0,0.0,0,0.0,0,0.0,0,0.0,0,0.0,0,0.0,1455,6.7,266400,0,183.09278350515464,0.07059207788308056,0.1644525862769472
137,West Hillhurst  ,0,0.0,0,0.0,0,0.0,0,0.0,0,0.0,0,0.0,0,0.0,0,0.0,0,0.0,0,0.0,0,0.0,375,0.0,0,0,0.0,0.0,0.0
138,Westgate,193,8.9333,0,0.0,0,0.0,0,0.0,0,0.0,0,0.0,0,0.0,0,0.0,0,0.0,0,0.0,0,0.0,4585,8.9333,115800,0,25.256270447110143,0.09412241930640648,0.022684995635671026
139,Whitehorn,193,8.9333,0,0.0,0,0.0,0,0.0,98,7.0833,0,0.0,0,0.0,0,0.0,0,0.0,0,0.0,0,0.0,2155,16.0166,115800,6370,56.69141531322506,0.1687529962122609,0.05091981065271159
140,Willow Park,0,0.0,444,6.7,0,0.0,0,0.0,0,0.0,0,0.0,0,0.0,0,0.0,0,0.0,0,0.0,0,0.0,7490,6.7,266400,0,35.56742323097463,0.07059207788308056,0.03194639693363928
141,Winston Heights/Mountview,0,0.0,0,0.0,0,0.0,0,0.0,98,7.0833,0,0.0,0,0.0,0,0.0,0,0.0,0,0.0,0,0.0,1745,7.0833,0,6370,3.650429799426934,0.0746305769058544,0.003278789092860648
142,Woodbine,0,0.0,0,0.0,0,0.0,0,0.0,0,0.0,75,9.75,0,0.0,0,0.0,0,0.0,0,0.0,0,0.0,9050,9.75,0,4875,0.5386740331491713,0.10272727751642319,0.00048383303926952
143,Woodlands,0,0.0,0,0.0,0,0.0,0,0.0,0,0.0,75,9.75,0,0.0,0,0.0,0,0.0,0,0.0,0,0.0,6580,9.75,0,4875,0.7408814589665653,0.10272727751642319,0.0006654542561381696
