Community Name,Population in private households,0 to 14 years,65 to 84 years,85 years and over,Population aged 15 years and over in private households,In the labor force,Employed,Self-Employed,Unemployed,Median income of population aged 15 years and over,Median household income of private households,Private households,"Under $20,000","$20,000 to $39,999",Population in private households to whom low income concepts are applicable (Number),Population in private households to whom low income concepts are applicable (Number in low income),0 to 17 years (Number),0 to 17 years (Number in low income),18 to 64 years (Number),18 to 64 years (Number in low income),65 years and over (Number),65 years and over (Number in low income),Private households with income,Households spending less than 30% of total income on shelter,Private households with total income greater than zero (Owner),Private households with total income greater than zero (Renter),Per cent households with income spending 30% or more total income on shelter (Owner),Per cent households with income spending 30% or more total income on shelter (Renter),Employed labour force aged 15 years and over in private households,"Driver – car, truck or van","Passenger – car, truck or van",Public transit,Walked,Bicycle,Other methods,Employed labour force aged 15 years and over in private households2,Less than 15 minutes,15 to 29 minutes,30 to 44 minutes,45 to 59 minutes,Employed labour force aged 15 years and over in private households3,Between 5 a.m. and 5:59 a.m.,Between 6 a.m. and 6:59 a.m.,Between 7 a.m. and 7:59 a.m.,Between 8 a.m. and 8:59 a.m.,Between 9 a.m. and 11:59 a.m.,Between 12 p.m. and 4:59 a.m.
Abbeydale,"5,925","1,200",605,50,"4,725","3,115","2,650",295,470,"$39,200","$88,000",2000,50,165,5925,710,1450,245,3820,385,650,80,1990,1580,1505,495,21%,19%,"2,335","1,785",230,260,15,0,45,"2,335",345,"1,260",465,105,"2,335",290,420,530,300,275,525
Acadia,"9,915","1,280","1,555",290,"8,635","5,765","4,985",775,780,"$41,200","$72,500",4755,230,815,9915,1225,1475,250,6600,715,1840,260,4730,3505,2675,2085,18%,36%,"3,840","2,735",305,410,240,35,120,"3,840","1,270","1,675",565,160,"3,840",245,735,"1,050",795,495,525
Albert Park/Radisson Heights,"6,740","1,160",675,80,"5,580","3,415","2,905",400,510,"$33,600","$66,000",2790,160,560,6745,1165,1420,325,4560,675,760,165,2785,1905,970,1820,26%,34%,"2,430","1,655",195,410,95,45,30,"2,430",490,"1,195",435,140,"2,430",235,500,535,280,360,525
Altadore,"7,290","1,475",565,70,"5,810","4,480","4,105",900,375,"$71,000","$153,000",3070,105,235,7285,360,1725,65,4930,245,630,50,3060,2490,2080,990,14%,29%,"2,245","1,820",85,120,90,45,85,"2,245",780,"1,155",195,40,"2,245",65,330,770,515,350,215
Applewood Park,"6,830","1,155",700,40,"5,680","3,775","3,180",425,595,"$36,400","$87,000",2295,100,290,6830,715,1395,200,4690,435,745,80,2285,1665,1415,885,21%,37%,"2,790","2,100",280,320,35,10,35,"2,790",435,"1,535",500,150,"2,790",295,550,490,370,465,620
Arbour Lake,"10,335","1,455","1,825",190,"8,875","5,595","4,890",885,700,"$42,400","$108,000",3845,125,335,10340,705,1910,155,6405,425,2020,125,3830,3195,3285,565,15%,27%,"3,280","2,570",170,270,150,0,115,"3,280",730,"1,315",875,225,"3,280",135,560,850,655,595,495
Aspen Woods,"9,435","2,355",515,25,"7,075","5,065","4,490","1,055",570,"$59,600","$182,000",3005,45,130,9430,640,2925,225,5970,380,540,35,2985,2300,2485,520,21%,31%,"2,405","1,960",105,125,65,10,140,"2,405",320,"1,170",735,60,"2,405",80,345,690,575,480,240
Auburn Bay,"18,090","5,000",915,40,"13,095","10,240","9,310","1,335",930,"$58,000","$125,000",6240,110,335,18090,950,5675,335,11465,545,955,70,6235,4895,4700,1545,18%,34%,"6,470","5,310",295,250,265,55,300,"6,470","1,465","2,835","1,615",255,"6,470",430,"1,245","1,900","1,245",815,830
Banff Trail,"3,805",440,"2,995",320,"3,360","2,420","2,045",370,375,"$38,400","$84,000",1655,130,210,3800,460,530,70,2905,340,370,50,1645,1255,690,960,20%,27%,"1,260",775,65,255,85,40,30,"1,260",275,580,255,50,"1,260",65,200,315,285,155,235
Bankview,"5,125",460,350,20,"4,660","3,825","3,310",540,510,"$41,600","$57,600",3205,210,865,5125,945,515,140,4235,700,375,105,3180,2135,915,2290,24%,37%,"2,280","1,550",120,270,205,60,65,"2,280",630,"1,020",435,80,"2,280",145,350,615,490,355,325
Bayview,670,115,155,30,550,285,255,80,30,"$96,000","$296,000",245,0,0,670,0,150,0,330,0,190,0,245,205,240,0,15%,0%,115,80,15,10,0,0,0,115,50,45,20,0,115,0,10,30,40,15,20
Beddington Heights,"11,295","2,075","1,525",125,"9,220","6,055","5,250",785,805,"$41,600","$90,000",4230,80,400,11290,1070,2460,355,7180,555,1655,155,4220,3390,3025,1205,16%,28%,"4,170","3,345",265,320,100,0,135,"4,170",705,"2,130",955,160,"4,170",265,790,945,815,620,735
Bel-Aire,400,75,75,15,325,175,155,80,20,"$93,000","$280,000",145,0,0,395,0,90,0,210,0,95,0,145,110,140,0,21%,0%,115,100,0,0,0,0,10,115,60,35,15,0,115,0,0,35,45,30,0
Belmont,800,160,20,0,635,545,515,30,25,"$58,400","$130,000",270,0,0,800,0,195,0,575,0,25,0,270,235,265,0,13%,0%,395,315,40,25,0,0,15,395,60,180,90,30,395,20,75,85,70,40,100
Beltline,"25,880","1,430","1,825",220,"24,445","20,035","17,600","2,305","2,435","$48,000","$71,000",16985,1260,3220,25880,4110,1680,415,22160,3015,2040,680,16780,11105,4315,12670,25%,37%,"10,695","5,360",480,"1,400","2,755",250,450,"10,695","3,190","4,950","1,620",365,"10,695",555,"1,560","2,730","2,460","1,850","1,540"
Bonavista Downs,830,110,135,15,720,465,415,75,50,"$44,400","$93,000",345,0,0,825,85,130,0,545,60,150,0,350,275,285,60,19%,25%,310,270,10,10,0,0,10,310,90,150,55,10,310,25,35,75,50,50,75
Bowness,"10,770","1,595","1,500",140,"9,180","6,145","5,350",990,800,"$40,400","$72,000",5055,265,960,10775,1485,1880,300,7245,905,1645,285,5020,3600,2650,2410,20%,38%,"4,060","4,060",200,330,145,65,14,"4,060",875,"1,675","1,085",185,"4,060",275,800,"1,015",840,500,635
Braeside,"5,700",830,980,70,"4,870","3,260","2,860",545,400,"$45,600","$90,000",2480,55,280,5700,500,970,115,3675,300,1055,90,2460,1950,1890,590,18%,31%,"2,165","1,815",100,170,40,15,30,"2,165",415,"1,000",530,80,"2,165",125,435,580,480,290,255
Brentwood,"7,410","1,020",860,160,"6,385","4,145","3,660",580,485,"$39,600","$85,000",3120,285,355,7410,975,1210,105,5175,790,1020,75,3040,2220,1745,1380,12%,47%,"2,350","1,555",140,340,160,75,90,"2,350",645,"1,070",430,110,"2,350",100,295,615,535,440,370
Bridgeland/Riverside,"6,350",850,745,105,"5,495","4,000","3,610",655,390,"$50,000","$76,000",3550,190,840,6350,1005,935,160,4570,555,840,290,3530,2460,1630,1915,21%,38%,"2,145","1,375",65,270,255,95,85,"2,145",615,"1,030",330,80,"2,145",110,315,685,445,325,260
Bridlewood,"12,545","2,595","1,020",65,"9,945","7,305","6,490",820,810,"$43,200","$105,000",4135,85,275,12545,745,3210,300,8245,395,1095,50,4115,3220,3360,770,19%,32%,"5,175","3,915",485,525,100,10,140,"5,175",775,"2,045","1,755",295,"5,175",410,970,"1,260",740,610,"1,185"
Britannia,765,90,145,15,670,390,350,120,35,"$74,000","$248,000",295,0,0,760,0,135,0,455,0,175,0,300,245,230,70,13%,36%,210,180,10,0,0,15,15,210,95,95,20,0,210,15,35,25,85,35,15
Cambrian Heights,"2,000",315,295,65,"1,690","1,135","1,050",220,85,"$51,600","$104,000",870,0,95,2005,155,375,0,1270,80,360,40,865,700,545,320,12%,30%,670,475,60,80,25,15,15,670,215,320,110,0,670,15,120,175,180,95,80
Canyon Meadows,"7,435","1,120","1,285",105,"6,315","4,210","3,720",640,490,"$46,800","$100,000",3085,100,255,7430,515,1310,80,4730,375,1395,60,3080,2475,2450,640,16%,34%,"2,560","1,980",145,255,75,10,95,"2,560",595,"1,175",545,115,"2,560",145,440,795,500,360,310
Capitol Hill,"4,670",800,405,30,"3,870","2,865","2,405",470,455,"$42,000","$71,500",2210,160,435,4665,665,875,75,3355,490,435,105,2195,1530,985,1220,21%,38%,"1,560","1,075",60,245,90,55,35,"1,560",335,865,200,35,125,65,250,395,295,300,255
Carrington,"2,750",760,55,0,"1,990","1,615","1,470",170,145,"$52,000","$113,000",890,0,0,2750,95,970,35,1805,45,75,0,890,660,805,90,27%,22%,"1,125",985,50,50,10,0,30,"1,125",80,620,290,45,"1,125",70,185,230,205,205,220
Castleridge,"6,130","1,210",640,35,"4,915","3,255","2,705",445,545,"$34,000","$87,000",1880,50,220,6125,685,1450,250,4010,360,670,80,1850,1410,1285,590,24%,23%,"2,495","1,870",175,345,50,10,40,"2,495",420,"1,125",615,140,"2,495",160,430,480,395,440,600
Cedarbrae,"5,935",940,"1,025",120,"5,000","3,305","2,860",540,445,"$45,600","$88,000",2550,65,245,5935,540,1105,150,3685,305,1140,80,2540,2045,1885,665,15%,32%,"2,235","1,835",155,130,40,10,55,"2,235",450,"1,045",520,140,"2,235",145,350,585,530,310,315
Chaparral,"12,500","2,620","1,120",70,"9,875","7,170","6,345","1,105",825,"$52,400","$134,000",4175,70,185,12495,530,3425,205,7885,290,1185,35,4165,3410,3795,380,17%,30%,"4,390","3,915",180,200,65,0,135,"4,390",935,"1,900","1,155",220,"4,390",295,775,"1,280",910,500,630
Charleswood,"3,595",525,615,95,"3,065","1,995","1,715",305,280,"$50,400","$115,000",1445,35,100,3590,180,640,15,2250,135,705,35,1445,1215,1075,375,10%,32%,"1,125",870,50,105,25,40,30,"1,125",335,540,155,35,"1,125",45,195,280,270,185,140
Chinatown,"2,250",160,445,200,"2,095","1,175","1,055",100,125,"$40,000","$54,400",1445,150,450,2255,610,185,20,1415,210,645,385,1420,895,380,1070,26%,40%,635,235,10,140,235,10,0,635,185,295,95,40,635,0,60,230,150,120,60
Chinook Park,"1,535",215,310,40,"1,315",840,765,200,70,"$49,200","$135,000",580,0,20,1530,105,295,25,890,70,350,0,580,490,475,105,11%,38%,500,395,20,35,25,0,15,500,180,215,85,0,500,0,75,130,145,100,45
Christie Park,"1,880",230,435,40,"1,650",920,750,190,170,"$54,800","$149,000",700,0,25,1885,70,325,0,1085,40,470,30,700,595,650,50,12%,50%,420,315,10,50,10,10,20,420,60,215,110,30,420,15,90,135,65,45,70
Citadel,"10,180","1,835",975,70,"8,350","5,920","5,130",770,785,"$44,800","$119,000",3455,100,255,10175,710,2305,200,6820,400,1055,105,3455,2930,3015,440,13%,33%,"3,570","2,925",235,270,40,0,100,"3,570",735,"1,520",940,155,"3,570",195,740,945,615,440,630
Cityscape,"5,085","1,475",240,10,"3,610","2,635","2,365",375,270,"$39,600","$108,000",1320,0,20,5090,355,1650,170,3185,170,255,0,1315,925,1185,140,29%,36%,"2,005","1,610",120,225,10,0,35,"2,005",385,900,500,90,"2,005",170,280,345,345,340,530
Cliff Bungalow,"1,805",85,155,15,"1,725","1,415","1,190",220,230,"$45,600","$60,400",1185,90,265,1810,240,125,0,1510,185,170,35,1175,770,355,825,25%,39%,760,430,35,55,175,40,25,760,170,410,110,40,760,25,130,165,195,150,95
Coach Hill,"3,275",495,710,95,"2,785","1,780","1,600",340,180,"$48,000","$96,000",1500,35,160,3280,270,595,55,1875,125,805,85,1495,1185,1245,255,19%,29%,"1,000",845,30,45,15,10,60,"1,000",175,480,275,40,"1,000",25,145,285,225,175,150
Collingwood,"2,290",410,280,65,"1,875","1,240","1,050",215,190,"$48,000","$118,000",920,55,75,2285,250,485,65,1455,165,350,20,920,725,690,230,15%,40%,575,390,30,60,50,25,20,575,160,315,60,15,575,25,80,140,150,80,90
Copperfield,"14,095","3,565",565,30,"10,535","8,550","7,705",910,850,"$52,400","$110,000",5045,55,215,14100,765,4030,345,9475,380,590,45,5045,3900,4045,1000,21%,29%,"5,885","5,070",315,295,70,0,135,"5,885","1,120","2,660","1,425",310,"5,885",570,"1,210","1,580","1,020",675,825
Coral Springs,"5,610",750,855,70,"4,860","3,100","2,675",555,420,"$33,200","$121,000",1515,0,110,5610,330,925,70,3760,200,925,70,1510,1220,1345,165,17%,36%,"2,255","1,905",145,140,15,0,40,"2,255",410,"1,110",535,110,"2,255",185,275,395,430,435,535
Cornerstone,"6,190","1,630",200,0,"4,560","3,650","3,255",415,395,"$40,800","$99,000",1800,0,60,6190,395,1830,180,4160,205,195,0,1790,1175,1485,310,34%,34%,"2,780","2,335",155,205,15,0,75,"2,780",435,"1,355",705,115,"2,780",210,425,545,435,445,715
 Cougar Ridge ,"7,150","1,850",445,10,"5,305","4,060","3,665",700,385,"$58,000","$151,000",2270,35,65,7150,385,2275,130,4430,220,450,35,2250,1810,2025,245,19%,30%,"2,080","1,735",100,100,25,20,100,"2,080",325,885,685,115,"2,080",90,295,670,415,345,260
 Country Hills ,"3,660",610,550,60,"3,050","2,075","1,820",255,255,"$44,800","$97,000",1410,30,95,3665,250,695,80,2360,150,605,20,1405,1130,1200,205,15%,46%,"1,300",995,90,115,40,15,45,"1,300",210,690,255,70,"1,300",85,220,315,220,240,230
 Country Hills Village ,"2,040",285,640,85,"2,195","1,255","1,100",135,155,"$41,200","$70,000",1315,45,185,2480,260,345,60,1425,110,715,95,1300,920,865,450,25%,37%,805,625,45,90,20,0,20,805,125,420,160,50,805,65,135,185,185,115,125
 Coventry Hills ,"17,350","3,875",990,70,"13,475","10,240","8,905","1,150","1,335","$43,600","$114,000",5480,110,275,17350,1040,4780,340,11520,580,1055,120,5475,4430,4560,915,18%,26%,"7,015","5,860",500,420,80,10,155,"7,015","1,125","3,555","1,685",305,"7,015",485,"1,330","1,815","1,140","1,075","1,170"
 Cranston ,"20,850","5,045","1,810",55,"15,810","11,650","10,560","1,740","1,090","$56,800","$131,000",7210,150,350,20850,1055,5895,375,13095,565,1860,100,7185,5855,6385,830,17%,33%,"7,320","6,370",360,260,125,25,180,"7,320","1,480","3,255","1,915",370,"7,320",540,"1,635","2,085","1,325",755,975
 Crescent Heights ,"6,240",600,660,65,"5,635","4,305","3,785",625,525,"$48,000","$72,500",3520,155,625,6235,780,670,95,4840,535,725,150,3480,2520,1410,2110,19%,34%,"2,490","1,750",80,245,300,50,60,"2,490",650,"1,265",385,90,"2,490",160,380,670,600,395,285
 Crestmont ,"2,275",495,165,0,"1,775","1,355","1,215",190,140,"$65,500","$172,000",760,15,0,2270,120,580,0,1530,80,165,0,760,625,720,40,18%,0%,740,660,25,15,10,0,30,740,135,345,210,35,740,25,175,220,160,75,80
 Currie Barracks ,"1,275",245,135,10,"1,035",745,685,145,55,"$70,500","$133,000",570,0,20,1275,45,280,0,855,40,145,0,575,420,390,180,21%,42%,375,295,15,15,15,15,15,375,120,190,45,0,375,10,80,90,100,65,35
 Dalhousie ,"8,530","1,295","1,560",255,"7,235","4,160","3,600",505,555,"$40,800","$85,000",3510,155,490,8530,1065,1565,280,5145,620,1820,170,3500,2745,2245,1260,16%,32%,"2,505","1,790",125,350,115,40,80,"2,505",615,"1,165",460,130,"2,505",115,325,580,520,475,475
 Deer Ridge ,"3,795",795,545,40,"3,005","2,035","1,725",315,310,"$43,600","$94,000",1450,35,130,3795,455,890,205,2330,210,580,40,1435,1075,1075,370,23%,32%,"1,290","1,045",80,85,25,0,45,"1,290",290,630,255,75,"1,290",70,270,375,210,175,190
 Deer Run ,"4,910",705,965,25,"4,205","2,750","2,410",460,335,"$49,200","$102,000",2080,70,190,4915,310,845,0,3065,230,1000,60,2070,1665,1680,405,15%,39%,"1,695","1,440",90,65,50,0,50,"1,695",345,895,325,60,"1,695",95,385,460,310,230,215
 Diamond Cove ,625,60,210,15,570,310,270,95,40,"$53,600","$135,000",260,0,0,630,0,70,0,330,0,230,0,260,230,255,0,14%,0%,145,125,10,0,0,0,10,145,45,75,20,0,145,10,25,55,25,15,15
 Discovery Ridge ,"4,330",730,595,35,"3,600","2,385","2,065",590,325,"$56,000","$145,000",1635,45,115,4330,270,925,45,2770,175,630,50,1630,1280,1320,310,15%,50%,"1,095",925,50,45,40,0,40,"1,095",240,610,180,25,"1,095",40,125,320,250,225,135
 Douglasdale/Glen ,"12,920","1,920","2,120",100,"11,000","7,495","6,760","1,090",740,"$53,200","$130,000",4885,70,180,12920,525,2350,130,8345,315,2220,85,4870,4240,4270,610,10%,33%,"4,640","3,975",245,195,95,0,140,"4,640","1,280","2,395",695,110,"4,640",300,860,"1,260",990,610,620
 Dover ,"10,795","1,630","1,810",150,"9,170","5,640","4,665",625,975,"$37,600","$69,000",4730,230,875,10800,1530,1970,385,6870,755,1960,395,4730,3445,3005,1730,20%,40%,"3,980","3,105",265,445,70,35,70,"3,980",960,"2,025",590,210,"3,980",290,940,"1,030",540,465,720
 Downtown Commercial Core ,"8,225",810,665,55,"7,415","5,420","4,570",390,850,"$33,600","$51,200",4925,580,1350,8225,2100,880,205,6625,1545,720,350,4850,3085,380,4540,38%,36%,"3,275","1,055",80,"1,265",760,20,90,"3,275",885,"1,355",615,195,"3,275",135,460,645,665,685,690
 Downtown East Village ,"3,140",165,415,40,"2,975","2,195","2,005",235,190,"$48,800","$68,000",2115,150,500,3145,645,215,70,2465,325,455,250,2090,1475,565,1545,36%,27%,"1,000",430,30,225,250,10,55,"1,000",230,485,170,55,"1,000",50,170,240,290,150,100
 Downtown West End ,"2,825",260,370,45,"2,565","1,855","1,660",220,190,"$49,600","$81,000",1625,115,275,2825,460,270,20,2135,350,415,95,1605,1140,585,1045,31%,27%,865,375,45,160,240,15,35,865,255,430,135,20,865,90,120,235,195,130,100
 Eagle Ridge ,260,0,75,0,245,125,115,50,0,"$95,000","$432,000",105,0,0,255,0,0,0,160,0,80,0,100,95,105,0,0%,0%,65,50,0,0,10,0,0,65,40,20,0,0,65,0,10,20,20,15,0
 Eau Claire ,"1,875",75,630,35,"1,800","1,065",960,205,100,"$71,500","$130,000",1135,20,135,1880,190,95,0,1115,90,670,75,1130,845,635,495,18%,33%,440,165,35,60,145,0,35,440,140,210,50,15,440,10,45,130,130,80,50
 Edgemont ,"15,255","2,480","3,015",290,"12,775","7,450","6,465","1,505",985,"$42,400","$121,000",5335,115,415,15255,1385,3115,490,8840,670,3305,225,5335,4395,4500,835,14%,37%,"3,960","3,180",285,285,70,35,105,"3,960",595,"2,055",890,240,"3,960",125,510,990,"1,025",770,545
 Elbow Park ,"3,285",700,490,55,"2,590","1,635","1,480",600,155,"$90,000","$288,000",1140,15,45,3290,255,870,85,1875,130,545,35,1130,930,1070,75,18%,27%,825,640,60,10,60,30,25,825,410,335,75,10,825,0,80,220,295,185,45
 Elboya ,"1,835",315,245,35,"1,520",965,835,235,125,"$47,600","$94,000",745,25,45,1830,180,385,45,1170,105,275,30,740,530,410,330,20%,39%,550,405,25,25,45,25,15,550,245,205,70,10,550,40,60,150,140,100,55
 Erin Woods ,"6,790","1,420",575,30,"5,375","3,695","3,115",325,585,"$40,400","$88,000",2350,60,235,6790,700,1680,255,4505,380,605,70,2335,1880,1690,665,20%,19%,"2,730","2,215",210,205,35,15,50,"2,730",675,"1,285",500,95,"2,730",260,660,560,390,335,535
 Erlton ,"1,280",125,160,0,"1,150",915,845,230,70,"$68,500","$115,000",685,40,20,1280,140,150,0,970,110,160,0,670,510,455,235,25%,23%,470,350,15,35,,,10,470,135,220,80,25,470,40,70,145,105,75,25
 Evanston ,"18,710","5,210",870,80,"13,500","10,465","9,495","1,335",975,"$53,200","$127,000",5785,130,200,18710,1070,5840,395,11925,575,945,100,5765,4400,5115,670,22%,37%,"6,465","5,580",270,255,125,0,225,"6,465",830,"2,910","2,095",380,"6,465",405,"1,225","1,720","1,180",855,"1,080"
 Evergreen ,"20,780","4,275","2,125",120,"16,500","11,615","10,200","1,595","1,415","$47,600","$122,000",6805,135,405,20775,1185,5175,345,13360,710,2245,125,6805,5550,5885,915,16%,33%,"7,190","5,680",540,620,135,15,205,"7,190","1,100","3,200","2,010",475,"7,190",460,"1,280","1,860","1,455",890,"1,245"
 Fairview ,"3,675",575,450,110,"3,095","2,085","1,835",275,250,"$39,600","$84,000",1565,75,255,3675,465,685,115,2430,260,560,90,1560,1230,1035,530,16%,31%,"1,455","1,110",100,155,50,10,35,"1,455",460,620,260,35,"1,455",95,230,365,290,255,230
 Falconridge ,"10,325","2,495",920,60,"7,825","5,025","4,185",630,835,"$35,600","$83,000",3215,95,325,10320,1335,2875,620,6465,615,980,105,3205,2490,2010,1205,22%,23%,"3,690","2,765",330,465,45,0,80,"3,690",590,"1,600","1,005",245,"3,690",320,715,780,565,410,905
 Fish Creek Park ,430,0,260,30,425,90,70,25,20,"$53,600","$92,000",265,0,0,430,35,20,0,120,0,290,0,265,200,215,45,16%,56%,50,30,0,0,10,0,15,50,20,20,15,0,50,0,0,20,10,10,10
 Forest Heights ,"5,985","1,100",720,60,"4,885","3,095","2,600",370,495,"$35,600","$79,000",2095,70,280,5990,845,1325,310,3890,430,775,110,2090,1560,1385,705,23%,30%,"2,415","1,740",265,315,35,0,50,"2,415",435,"1,120",555,110,"2,415",215,500,505,280,360,560
 Forest Lawn ,"7,230","1,235",730,100,"6,000","3,525","2,675",445,850,"$32,000","$58,000",3000,210,670,7230,1335,1475,350,4925,845,830,135,2980,1965,960,2035,25%,38%,"2,445","1,720",170,360,115,35,40,"2,445",495,"1,210",420,135,"2,445",285,565,485,310,295,505
 Garrison Green ,"1,680",425,55,0,"1,260","1,030",935,205,95,"$68,500","$125,000",690,0,40,1685,110,470,0,1140,70,70,0,680,525,425,260,17%,33%,540,425,40,15,20,0,25,540,145,310,60,20,540,25,100,180,115,70,45
 Garrison Woods ,"2,860",490,400,35,"2,370","1,665","1,495",400,170,"$74,000","$146,000",1270,15,65,2855,175,625,50,1800,110,435,0,1265,1075,1020,245,13%,25%,680,525,35,25,45,20,20,680,240,360,60,10,680,25,80,260,150,95,75
 Glamorgan ,"6,575","1,035",845,135,"5,540","3,700","3,310",485,395,"$40,400","$75,000",3100,175,585,6575,1015,1210,255,4375,605,980,160,3085,2205,1720,1380,19%,41%,"2,475","1,985",125,220,90,15,40,"2,475",680,"1,175",460,70,"2,475",115,410,665,535,275,470
 Glenbrook ,"7,240","1,345",735,120,"5,900","4,145","3,675",530,470,"$43,200","$77,000",3160,135,450,7240,1010,1570,335,4810,555,865,115,3135,2330,1715,1445,19%,34%,"2,695","1,990",165,285,135,50,75,"2,695",695,"1,275",480,115,"2,695",155,415,680,540,480,425
 Glendale ,"2,715",435,430,50,"2,275","1,435","1,285",260,150,"$48,000","$117,000",1075,0,140,2710,250,530,50,1705,140,485,60,1070,865,825,250,14%,35%,805,605,60,75,30,20,10,805,210,350,195,20,805,25,155,245,165,110,105
 Greenview ,"2,100",280,255,35,"1,820","1,300","1,075",150,225,"$38,800","$67,000",1075,35,265,2100,305,305,35,1500,210,295,65,1065,770,480,595,19%,36%,875,660,45,120,15,15,15,875,250,390,155,40,875,75,115,200,160,140,180
 Greenwood/Greenbriar ,"1,055",120,260,20,940,540,475,90,65,"$37,200","$57,600",600,0,160,1060,210,140,60,635,100,280,50,600,500,500,100,13%,30%,375,285,30,35,0,0,15,375,60,170,110,20,375,25,110,80,55,45,50
 Hamptons ,"7,360",840,"1,510",130,"6,520","2,745","3,235",820,515,"$41,200","$134,000",2455,40,155,7355,540,1155,125,4560,300,1645,115,2445,2040,2275,185,14%,49%,"2,075","1,695",170,85,50,0,70,"2,075",290,"1,070",515,120,"2,075",65,225,435,525,505,320
 Harvest Hills ,"7,805","1,195","1,000",50,"6,610","4,625","4,080",625,545,"$42,800","$104,000",2860,40,235,7805,480,1525,110,5225,250,1055,120,2855,2335,2410,455,17%,23%,"3,050","2,400",290,165,50,25,125,"3,050",670,"1,395",720,90,"3,050",195,550,785,530,490,500
Hawkwood,"9,115","1,395","1,695",210,"7,720","4,730","4,100",890,630,"$48,000","$123,000",3305,0,215,9115,420,1720,110,5495,235,1900,70,3300,2870,3040,260,11%,39%,"2,530","2,055",130,165,70,25,80,"2,530",455,"1,125",670,110,"2,530",105,405,720,515,425,365
Haysboro,"6,960",865,970,170,"6,090","4,290","3,740",685,550,"$45,600","$78,500",3440,115,550,6955,675,990,90,4835,430,1135,155,3430,2460,1955,1480,18%,42%,"2,655","2,015",105,315,155,15,55,"2,655",765,"1,225",460,90,"2,655",135,425,745,575,410,375
Hidden Valley,"11,540","2,040","1,110",85,"9,500","6,780","5,985",855,800,"$45,200","$121,000",3830,15,225,11535,695,2605,205,7740,420,1195,75,3830,3170,3335,500,15%,31%,"4,350","3,760",250,200,25,10,105,"4,350",665,"2,385","1,005",130,"4,350",280,730,"1,150",855,605,735
Highland Park,"4,105",595,"3,025",45,"3,505","2,475","2,135",350,335,"$38,400","$65,000",2050,110,450,4100,730,650,185,2970,435,485,115,2030,1445,695,1355,16%,35%,"1,545","1,095",75,250,80,15,25,"1,545",355,805,240,70,"1,545",55,250,435,295,230,285
Highwood,"2,205",415,"1,515",75,"1,790","1,225","1,025",275,195,"$42,800","$90,000",900,0,90,2200,205,510,40,1420,135,275,30,890,690,585,310,15%,35%,735,585,30,50,20,15,35,735,175,400,115,30,735,20,140,220,140,100,120
Hillhurst,"5,475",825,570,30,"4,645","3,315","2,990",600,320,"$55,600","$93,000",2745,180,410,5475,645,985,110,3895,460,595,70,2715,2075,1390,1355,14%,34%,"1,530",860,50,195,250,80,90,"1,530",455,725,245,44,"1,530",45,225,430,380,275,175
Hounsfeild Heights/Briar Hill,"2,470",330,440,75,"2,140","1,285","1,175",350,110,"$49,600","$111,000",1040,35,145,2470,200,440,0,1510,115,520,80,1035,805,745,295,18%,32%,725,550,30,55,80,0,0,725,210,395,60,25,725,50,95,210,175,115,75
Hungtington Hills,"13,120","2,260","2,010",235,"10,865","6,695","5,550",850,"1,140","$38,800","$78,000",5295,220,690,13125,1750,2700,590,8160,940,"                 2,260,",220,5270,4055,3180,2115,17%,33%,"4,480","3,385",305,530,155,15,85,"4,480",925,"2,250",810,215,"4,480",410,890,980,820,610,780
Inglewood,"4,130",475,"3,190",40,"3,660","2,775","2,510",450,265,"$55,200","$87,000",2290,75,380,4135,485,525,110,3135,290,470,80,2290,1670,1285,1000,20%,36%,"1,560","1,140",80,65,120,90,60,"1,560",515,770,200,45,"1,560",65,255,490,375,245,135
Kelvin Grove,"1,805",300,"1,200",50,"1,500",990,865,190,125,"$53,200","$88,000",840,0,155,1805,180,380,0,1125,95,305,55,840,605,485,355,16%,45%,590,450,35,35,55,0,10,590,200,265,70,30,590,25,90,205,135,80,55
Killarney/Glengarry,"7,920","1,325",655,80,"6,595","4,990","4,525",720,465,"$52,800","$99,000",3625,170,435,7925,785,1440,155,5760,520,725,115,3605,2170,2170,1460,15%,35%,"2,760","1,975",120,405,140,50,70,"2,760",735,"1,355",445,100,"2,760",110,435,840,610,430,335
Kincora,"7,030","1,465",645,15,"5,565","4,150","3,650",540,505,"$46,400","$107,000",2535,60,215,7030,535,1755,120,4620,290,660,130,2525,1910,1825,710,20%,35%,"2,655","2,185",185,115,50,0,110,"2,655",430,"1,225",715,130,"2,655",135,495,720,505,385,415
Kingsland,"4,900",695,490,80,"4,200","3,070","2,655",365,415,"$38,000","$68,000",2380,170,410,4900,715,785,100,3540,545,570,65,2370,1635,755,1625,21%,36%,"2,155","1,520",145,265,160,0,70,"2,155",605,"1,000",375,60,"2,155",100,310,545,380,345,475
Lake Bonavista,"10,145","1,760","2,215",240,"8,385","5,045","4,490","1,060",555,"$58,400","$131,000",4025,105,255,10145,390,2150,70,5535,230,2460,85,4000,3475,3545,480,11%,28%,"2,855","2,395",120,95,105,40,90,"2,855",885,"1,365",410,95,"2,855",120,505,845,665,465,260
Lakeview,"5,640","1,105",920,135,"4,545","2,965","2,620",695,345,"$51,200","$116,000",2290,60,235,5640,445,1270,115,3315,350,1055,75,2275,1855,1740,545,11%,42%,"1,630","1,295",85,65,75,20,90,"1,630",575,780,170,35,"1,630",85,225,400,425,290,200
Legacy,"8,100","1,810",445,0,"6,190","4,960","4,510",550,450,"$51,200","$105,000",3050,15,190,8005,455,2035,165,5520,255,450,40,3050,2355,2290,760,22%,26%,"3,395","2,980",110,180,40,0,75,"3,395",360,"1,530",985,270,"3,395",285,730,980,55,335,505
Lincoln Park,"1,590",220,245,45,"1,370",835,705,80,130,"$35,600","$57,200",930,40,240,1585,435,255,125,1035,180,295,130,925,575,375,550,35%,40%,490,380,25,50,15,0,10,490,145,225,85,25,490,25,75,130,115,80,60
Livingston,"3,985",980,165,0,"3,005","2,405","2,125",270,285,"$50,800","$116,000",1330,0,35,3985,140,1080,0,2735,115,170,0,1325,1015,1175,160,22%,31%,"1,480","1,290",80,65,0,0,40,"1,480",125,700,555,50,"1,480",70,265,400,320,155,270
Lower Mount Royal,"2,990",170,320,0,"2,825","2,250","1,970",260,275,"$44,400","$57,600",2015,170,485,2995,465,210,30,2555,390,225,50,2000,1260,605,1410,37%,37%,"1,195",730,40,165,195,50,20,"1,195",305,565,200,55,"1,195",45,230,265,240,230,185
MacEwan Glen,"4,740",755,810,55,"3,985","2,425","2,090",425,330,"$43,200","$104,000",1745,0,120,4745,315,910,105,2965,160,855,40,1740,1525,1500,240,11%,17%,"1,485","1,260",110,65,10,0,35,"1,485",220,815,325,55,"1,485",65,230,495,265,250,175
Mahogany,"13,860","4,015",895,75,"9,845","7,650","6,950","1,165",700,"$65,000","$142,000",4715,90,185,13860,630,4370,190,8525,375,965,65,4700,3725,4060,655,18%,37%,"4,665","4,030",205,135,115,20,160,"4,665",760,"2,315","1,090",285,"4,665",285,965,"1,550",830,495,540
Manchester,950,130,25,0,820,615,520,35,95,"$31,400","$44,000",580,30,195,950,275,130,55,790,205,25,13,575,350,40,535,50%,38%,425,245,25,95,35,10,10,425,110,175,85,25,425,25,90,60,50,95,105
Maple Ridge,"1,830",325,380,45,"1,500",940,825,165,110,"$54,800","$117,000",770,0,25,1825,145,370,50,1040,65,420,25,770,655,725,50,11%,70%,550,480,25,0,35,0,25,550,215,210,120,0,550,15,100,170,135,85,45
Marlborough Park,"8,910","1,615","1,365",120,"7,295","4,355","3,660",490,700,"$34,000","$80,000",3060,85,425,8910,1000,1925,305,5505,560,1485,135,3040,2350,1990,1075,19%,31%,"3,265","2,340",375,445,40,10,60,"3,265",645,"1,555",685,185,"3,265",295,720,625,425,360,850
Martindale,"14,540","2,995","1,250",45,"11,535","8,020","6,830",920,"1,190","$34,400","$9,700",3945,0,270,14535,1320,3585,485,9650,695,1295,140,3940,3065,3080,860,20%,29%,"6,105","4,600",535,800,25,15,130,"6,105","1,050","2,605","1,690",295,"6,105",530,955,"1,220",890,910,"1,605"
Mayfair,410,80,50,30,330,190,175,65,10,"$111,000","$316,000",145,0,0,405,0,120,0,200,0,85,0,145,130,145,0,10%,0%,75,60,0,0,10,0,0,75,30,40,0,0,75,0,10,30,25,0,0
Mayland Heights,"5,925",990,795,115,"4,935","3,215","2,760",425,455,"$40,800","$73,500",2640,65,465,5925,835,1120,270,3895,410,910,150,2635,2010,1380,1265,17%,32%,"2,205","1,785",115,170,60,25,50,"2,205",555,"1,195",295,90,"2,205",215,455,590,330,290,325
McKenzie Lake,"13,290","2,340","1,590",70,"10,950","7,765","6,845","1,275",915,"$54,000","$133,000",4600,75,180,13290,770,2905,260,8725,450,1660,65,4590,3970,4165,435,12%,26%,"4,780","4,240",195,140,85,10,110,"4,780","1,225","2,240",935,220,"4,780",290,875,"1,355",905,715,645
McKenzie Towne,"17,505","3,650","1,535",130,"13,850","10,585","9,535","1,330","1,050","$51,600","$104,000",6955,180,500,17500,990,4280,270,11560,560,1660,155,6935,5410,5405,1545,19%,32%,"7,200","6,000",380,325,260,15,220,"7,200","1,650","3,445","1,430",310,"7,200",590,"1,590","2,050","1,070",825,"1,075"
Meadowlark Park,610,85,35,25,530,375,310,100,70,"$60,000","$143,000",260,0,15,615,60,100,0,410,45,100,0,265,200,215,40,19%,50%,215,165,0,15,20,10,0,215,65,120,30,0,215,0,20,55,65,30,40
Midnapore,"6,480","1,120","1,095",90,"5,355","3,575","3,115",525,460,"$44,000","$91,000",2715,80,335,6475,560,1300,165,3985,300,1190,95,2695,2105,1870,840,13%,41%,"2,310","1,890",120,150,80,15,55,"2,310",505,980,630,105,"2,310",120,435,650,490,305,305
Millirise,"6,655","1,110",880,120,"5,550","3,835","3,385",510,450,"$44,400","$98,000",2565,55,280,6660,510,1310,135,4345,275,1000,105,2550,2025,1975,585,16%,36%,"2,585","1,950",160,290,60,15,115,"2,585",530,"1,135",650,125,"2,585",230,525,605,405,325,490
Mission,"4,505",215,510,80,"4,285","3,355","2,940",455,420,"$54,000","$72,000",3125,155,575,4505,550,240,35,3675,450,585,60,3110,2230,965,2165,21%,31%,"1,765","1,090",50,130,395,60,40,"1,765",540,915,235,25,"1,765",65,235,545,415,275,230
Monterey Park,"10,475","1,805","1,535",105,"8,665","5,415","4,605",690,805,"$34,000","$95,000",3150,35,295,10470,845,2275,295,6560,415,1640,140,3145,2520,2585,570,16%,37%,"4,090","3,295",390,300,55,0,55,"4,090",785,"1,975",985,155,"4,090",355,645,810,615,675,995
Montgomery,"4,175",745,460,35,"3,430","2,515","2,210",415,310,"$48,000","$96,000",1775,15,235,4180,480,845,160,2835,260,500,60,1775,1370,1125,650,19%,30%,"1,375","1,005",65,100,135,45,30,"1,375",410,600,260,40,"1,375",75,215,390,245,220,225
Mount Pleasant,"6,325","1,170",590,75,"5,150","3,830","3,375",610,455,"$52,800","$101,000",2780,140,315,6320,615,1320,80,4335,440,670,100,2735,2130,1730,1045,14%,35%,"1,895","1,345",110,155,150,55,85,"1,895",555,885,285,65,"1,895",65,350,570,415,255,240
New Brighton,"12,885","3,425",555,10,"9,465","7,620","6,875","1,050",750,"$54,000","$127,000",4175,30,175,12890,510,3960,215,8360,270,565,30,4265,3370,3600,570,18%,30%,"4,915","4,180",265,275,75,25,95,"4,915","1,065","2,320","1,015",245,"4,915",370,"1,065","1,395",775,525,795
Nolan Hill,"8,755","2,365",325,15,"6,395","4,990","4,330",570,660,"$52,000","$129,000",2655,60,105,8760,445,2725,155,5695,265,335,25,2640,1985,2205,445,24%,31%,"2,945","2,430",155,155,70,0,125,"2,945",450,"1,175",945,200,"2,945",175,555,815,610,395,400
North Glenmore Park ,"2,435",425,390,80,"2,010","1,275","1,110",205,160,"$51,200","$109,000",970,25,85,2435,145,495,30,1475,80,465,35,960,770,735,230,17%,28%,725,600,15,40,15,10,50,725,265,335,85,20,725,25,115,200,160,150,75
North Haven,"2,365",410,425,55,"1,955","1,215","1,070",175,145,"$48,000","$102,000",995,0,125,2370,200,490,65,1405,95,475,35,995,865,730,265,10%,23%,650,555,25,35,15,0,20,650,135,350,120,20,650,45,100,155,165,75,105
 North Haven Upper ,640,110,175,10,530,310,290,70,20,"$48,400","$120,000",255,0,0,645,30,140,0,325,0,180,20,250,225,240,0,8%,0%,200,145,20,25,10,0,0,200,20,115,50,20,200,0,40,35,45,40,35
 Oakridge ,"5,620",950,"1,255",135,"4,670","2,750","2,460",505,290,"$52,000","$112,000",2255,35,175,5620,350,1080,110,3150,165,1390,75,2245,1890,1955,300,14%,31%,"1,625","1,300",95,105,45,0,75,"1,625",380,795,325,45,"1,625",60,260,465,400,225,215
 Ogden ,"8,315","1,175","1,235",120,"7,140","4,750","4,090",555,670,"$40,800","$75,500",3735,150,555,8315,1080,1415,340,5545,580,1360,155,3735,2820,2245,1495,18%,34%,"3,445","2,735",215,285,60,35,110,"3,445","1,155","1,545",505,95,"3,445",310,740,820,575,385,615
 Palliser ,"3,285",365,860,190,"2,915","1,590","1,375",280,215,"$42,800","$75,500",1690,60,255,3285,305,450,50,1785,115,1050,135,1675,1210,945,750,16%,43%,900,715,65,55,50,0,15,900,235,435,160,25,900,55,185,275,150,120,120
 Panorama Hills ,"25,535","5,390","2,295",165,"20,145","14,280","12,115","2,025","2,160","$39,600","$112,000",7930,230,605,25535,1825,6570,495,16500,1020,2460,310,7895,6000,6205,1725,21%,35%,"8,485","6,995",585,560,165,0,175,"8,485","1,430","4,135","2,095",410,"8,485",545,"1,325","1,915","1,520","1,585","1,590"
 Parkdale ,"2,300",430,285,25,"1,870","1,375","1,190",320,185,"$59,200","$114,000",1015,60,70,2305,270,450,60,1540,155,315,60,1005,790,620,395,15%,32%,700,460,10,30,130,40,30,700,305,300,70,0,700,25,90,235,185,85,75
 Parkhill ,"1,770",220,300,10,"1,550","1,095",940,230,155,"$55,200","$107,000",865,0,95,1770,180,270,45,1190,100,310,35,860,660,535,330,17%,35%,590,455,25,40,40,10,25,590,250,250,65,25,590,30,60,160,215,100,20
 Parkland ,"3,430",480,960,60,"2,945","1,660","1,515",410,145,"$52,000","$125,000",1385,0,75,3425,170,585,20,1820,110,1015,40,1390,1200,1300,85,12%,41%,905,805,30,20,15,10,25,905,185,490,170,20,905,35,170,310,180,105,105
 Patterson ,"4,145",460,870,65,"3,685","2,320","1,960",505,365,"$48,000","$93,000",1905,80,185,4145,370,600,55,2600,235,940,75,1895,1410,1360,545,20%,41%,"1,255",990,50,135,25,10,45,"1,255",245,590,320,45,"1,255",90,240,345,225,210,140
 Penbrooke Meadows ,"8,235","1,500",995,110,"6,735","4,180","3,335",550,845,"$35,200","$73,000",3000,90,475,8235,1205,1780,385,5355,705,1100,120,2995,2245,1870,1135,21%,32%,"3,000","2,275",260,350,50,0,70,"3,000",490,"1,575",650,125,"3,000",320,645,615,375,405,645
 Pine Creek ,245,40,0,0,205,150,115,20,30,"$44,400","$98,000", NA , NA , NA , NA , NA , NA , NA , NA , NA , NA , NA , NA , NA , 85 , -   ,NA,NA,85,75,0,0,10,0,0,85,25,25,35,0,85,10,15,15,25,10,15
 Pineridge ,"9,850","1,925","1,520",5,"7,925","4,815","4,055",575,760,"$35,600","$76,000"," 3,735 ", 90 , 725 ," 9,850 "," 1,430 "," 2,225 ", 505 ," 6,005 ", 670 ," 1,615 ", 260 ," 3,730 "," 27,800 "," 2,455 "," 1,285 ",18%,38%,"3,560","2,715",310,355,75,0,100,"3,560",725,"1,715",740,150,"3,560",335,715,785,465,515,740
 Point McKay ,"1,330",105,325,30,"1,230",750,690,145,60,"$57,600","$92,000",795,25,80,1335,130,115,0,850,65,365,30,795,585,620,180,24%,36%,450,355,15,15,50,0,0,450,110,240,65,0,450,20,80,145,100,65,40
 Pump Hill ,"1,455",230,455,65,"1,225",590,525,195,65,"$57,200","$140,000",600,0,95,1455,150,275,0,665,60,520,70,590,480,450,150,11%,45%,280,235,10,15,20,0,0,280,70,160,30,10,280,0,30,80,95,55,25
 Queens Park Village ,375,60,30,0,315,215,170,0,40,"$33,600","$66,000",155,0,0,375,45,70,0,270,30,35,0,155,90,0,150,0%,43%,140,85,10,45,0,0,0,140,30,40,30,20,140,0,10,35,20,15,65
 Queensland ,"4,585",745,615,45,"3,840","2,680","2,365",390,310,"$43,600","$91,000",1840,25,180,4585,370,860,80,3055,215,665,65,1835,1500,1445,390,16%,26%,"1,900","1,525",120,140,55,0,60,"1,900",430,870,355,95,"1,900",185,425,505,300,195,290
 Ramsay ,"2,155",330,155,35,"1,820","1,470","1,275",280,195,"$50,800","$97,000",995,40,165,2150,205,360,0,1595,140,200,40,990,755,550,450,16%,33%,750,490,35,65,90,45,25,750,260,315,130,20,750,30,115,195,180,110,115
 Ranchlands ,"7,490","1,375",925,75,"6,115","4,140","3,625",515,515,"$41,600","$89,000",2940,95,295,7490,800,1620,210,4865,515,1005,75,2930,2360,1965,975,16%,27%,"2,600","2,060",190,225,65,15,50,"2,600",525,"1,180",600,160,"2,600",180,465,630,465,410,450
 Red Carpet ,"1,745",155,305,40,"1,595",925,755,80,170,"$35,200","$59,200",920,30,180,1750,295,205,80,1200,165,345,55,915,645,625,295,25%,40%,685,500,60,85,0,0,25,685,125,345,85,45,685,50,215,140,70,60,155
 Redstone ,"9,050","2,250",485,15,"6,805","5,220","4,590",695,625,"$39,600","$100,000",2665,0,150,9050,500,2500,195,6050,280,500,35,2660,1850,2085,580,30%,32%,"3,920","3,170",290,320,45,0,90,"3,920",605,"1,925",985,180,"3,920",335,650,720,670,625,920
 Renfrew ,"6,580",960,580,80,"5,620","4,360","3,890",680,470,"$55,200","$96,000",3245,120,365,6580,550,1090,105,4830,350,660,95,3225,2560,1840,1405,16%,27%,"2,405","1,745",110,190,205,70,85,"2,405",750,"1,195",330,50,"2,405",95,330,820,510,335,315
 Richmond ,"5,250",865,515,55,"4,385","3,325","3,040",655,280,"$56,000","$113,000",2360,65,280,5245,420,985,55,3700,275,565,90,2345,1785,1480,875,19%,32%,"1,760","1,315",85,145,115,45,60,"1,760",590,830,250,25,"1,760",45,330,530,400,295,165
 Rideau Park ,675,60,250,0,615,340,320,120,15,"$90,000","$170,000",335,0,15,670,40,85,0,325,25,260,0,335,270,255,85,20%,0%,185,135,15,0,25,0,10,185,100,55,15,0,185,20,25,40,35,60,0
 Riverbend ,"9,205","1,215","1,340",110,"7,990","5,435","4,785",750,655,"$46,800","$118,000",3435,65,205,9200,500,1430,75,6315,320,1455,110,3435,2910,3090,340,14%,29%,"3,535","2,890",205,195,120,20,95,"3,535","1,110","1,815",430,70,"3,535",280,650,"1,000",745,450,410
 Rocky Ridge ,"8,195","1,425","1,020",90,"6,795","4,665","4,030",710,635,"$48,000","$118,000",3035,80,215,8195,395,1750,50,5330,270,1115,70,3030,2455,2480,550,16%,31%,"2,580","2,075",135,155,60,10,140,"2,580",390,"1,040",860,195,"2,580",130,480,710,510,395,355
 Rosedale ,"1,495",225,285,25,"1,275",775,695,190,80,"$70,000","$184,000",590,15,0,1495,95,275,0,915,65,305,0,580,470,520,70,16%,36%,365,255,30,20,50,0,0,365,145,180,35,0,365,0,30,110,70,85,55
 Rosemont ,"1,155",155,185,30,"1,005",640,525,130,115,"$48,800","$107,000",515,0,20,1155,80,175,0,760,40,215,25,515,440,345,170,10%,21%,345,255,20,25,20,20,10,345,90,170,55,0,345,25,70,80,85,55,25
 Rosscarrock ,"3,490",535,315,25,"2,955","2,155","1,835",300,320,"$37,200","$68,500",1540,70,290,3490,560,680,150,2475,335,335,70,1535,1060,545,995,28%,32%,"1,435",930,80,335,50,20,25,"1,435",295,625,320,65,"1,435",130,235,320,215,225,305
 Roxboro ,415,80,90,10,330,160,155,50,10,"$80,000","$232,000",165,0,0,410,0,95,0,210,0,115,0,160,145,160,0,9%,0%,75,45,0,0,15,15,0,75,25,25,20,0,75,0,20,30,15,10,0
 Royal Oak ,"11,580","2,315","1,205",65,"9,265","6,435","5,765",875,675,"$48,000","$120,000",4020,125,310,11580,1015,2900,280,7405,600,1265,130,4010,3085,3365,655,20%,43%,"3,745","3,005",190,300,80,20,150,"3,745",630,"1,605","1,055",275,"3,745",190,715,950,720,620,545
 Rundle ,"10,545","2,045","1,415",135,"8,500","5,155","4,285",605,875,"$34,800","$83,000",3405,90,405,10545,1260,2450,480,6545,595,1550,185,3390,2715,2415,995,19%,23%,"3,825","2,755",295,480,175,0,115,"3,825",930,"1,630",865,145,"3,825",320,625,815,565,615,890
 Rutland Park ,"2,140",350,415,55,"1,790","1,085",910,205,170,"$39,600","$80,000",925,25,165,2140,255,420,40,1255,140,465,75,915,765,325,605,13%,19%,620,485,40,55,35,0,0,620,165,315,105,15,620,45,100,160,145,65,100
 Saddle Ridge ,"24,365","5,905","1,725",95,"18,460","12,890","11,235","1,935","1,660","$34,400","$104,000",6000,105,320,24365,1865,6960,725,15590,1045,1815,95,5975,4370,4620,1380,26%,28%,"9,795","7,770",720,"1,075",45,0,185,"9,795","1,295","4,550","2,735",615,"9,795",645,"1,540","1,715","1,600","1,670","2,630"
 Sage Hill ,"9,345","2,155",585,25,"7,195","5,605","5,060",605,550,"$52,000","$106,000",3545,90,210,9345,520,2385,150,6345,300,615,70,3520,2765,2975,570,20%,29%,"3,555","3,080",155,170,45,0,90,"3,555",475,"1,730",990,160,"3,555",245,665,965,650,415,615
 Sandstone Valley ,"5,795",795,"1,150",115,"5,000","2,960","2,555",445,405,"$40,400","$101,000",2125,60,160,5790,475,920,135,3605,230,1270,115,2115,1800,1765,360,13%,24%,"1,940","1,570",115,170,35,0,40,"1,940",380,"1,020",395,80,"1,940",105,285,455,430,360,305
 Scarboro ,"1,010",170,120,15,840,555,510,185,45,"$71,000","$268,000",350,0,0,1015,0,250,0,615,0,140,0,350,305,305,40,10%,38%,285,190,0,30,30,15,20,285,120,95,45,15,285,0,30,110,75,50,25
 Scarboro-Sunalta West ,465,95,55,10,365,240,220,75,20,"$56,400","$138,000",175,0,0,465,0,115,0,270,0,80,0,175,140,160,0,22%,0%,125,105,0,0,15,0,0,125,65,50,0,0,125,0,15,35,20,45,10
 Scenic Acres ,"7,850","1,075","1,635",195,"6,775","4,050","3,570",690,475,"$52,000","$134,000",2935,0,165,7855,315,1325,50,4695,185,1830,80,2935,2545,2700,235,10%,48%,"2,195","1,810",120,115,70,10,75,"2,195",430,"1,025",565,110,"2,195",95,295,670,500,355,280
 Seton ,"3,590",620,260,55,"2,975",330,"2,120",230,210,"$47,600","$80,000",1730,45,205,3595,235,715,40,2555,165,325,30,1715,1195,845,885,20%,41%,"1,665","1,375",80,70,105,0,35,"1,665",395,750,365,70,"1,665",150,315,425,315,225,245
 Shaganappi ,"1,765",260,120,10,"1,500","1,160","1,055",250,105,"$41,600","$83,000",830,40,135,1760,210,285,35,1330,160,140,25,825,570,365,465,19%,40%,665,470,45,110,15,10,15,665,180,325,95,25,665,30,75,180,125,175,85
 Shawnee Slopes ,"2,020",230,465,80,"1,790","1,075",935,255,140,"$49,600","$100,000",885,20,35,2025,220,265,35,1205,140,550,45,880,690,775,110,19%,36%,550,420,20,75,10,0,20,550,145,210,140,25,550,35,70,135,125,95,100
 Shawnessy ,"9,055","1,395","1,280",60,"7,665","5,220","4,530",805,695,"$42,800","$105,000",3250,50,200,9055,680,1715,255,6005,310,1340,125,3235,2655,2675,580,15%,33%,"3,500","2,630",275,445,95,0,55,"3,500",660,"1,370",980,250,"3,500",315,670,820,515,505,685
 Shepard-Industrial ,265,10,55,0,245,135,110,15,25,"$31,600","$61,200",145,0,0,270,30,0,0,190,0,65,0,140,120,135,135,15%,0%,90,70,0,0,10,0,0,90,30,45,20,0,90,10,15,20,15,15,20
 Sherwood ,"6,520","1,475",475,35,"5,050","3,620","3,205",595,415,"$40,400","$108,000",2025,30,140,6520,865,1770,335,4240,455,510,75,2020,1385,1455,570,28%,41%,"2,215","1,790",125,180,50,0,75,"2,215",345,960,670,110,"2,215",105,365,555,380,415,395
 Signal Hill ,"13,000","1,760","2,645",390,"11,240","6,690","5,910","1,445",785,"$45,600","$116,000",5065,195,440,13000,985,2225,240,7740,515,3030,225,5035,4090,4525,545,16%,43%,"3,770","2,945",205,295,155,30,140,"3,770",840,"1,880",765,135,"3,770",840,540,"1,005",845,820,475
 Silver Springs ,"8,570","1,430","1,770",140,"7,150","4,380","3,805",760,570,"$48,000","$106,000",3465,75,250,8570,515,1725,105,4940,355,1905,60,3430,2930,2850,610,11%,30%,"2,535","1,995",125,150,90,50,125,"2,535",640,"1,130",560,105,"2,535",160,495,710,520,375,270
 Skyview-Ranch ,"12,870","2,980",690,45,"9,895","7,695","6,700",895,995,"$42,000","$94,000",4295,75,310,12865,970,3355,355,8780,535,730,85,4280,2980,2655,1635,27%,36%,"5,495","4,505",345,450,65,0,135,"5,495",875,"2,545","1,425",290,"5,495",415,995,"1,205",925,720,"1,240"
 Somerset ,"8,320","1,300",960,140,"7,020","4,800","4,170",520,630,"$40,800","$97,000",3085,75,350,8325,585,1630,120,5595,300,1100,160,3070,2360,2340,750,19%,35%,"3,205","2,325",295,430,70,10,80,"3,205",550,"1,275",955,205,"3,205",225,640,605,580,515,635
 South Calgary ,"4,540",620,345,30,"3,915","2,975","2,650",540,325,"$55,200","$87,000",2365,145,325,4535,625,750,150,3420,420,375,55,2345,1665,1185,1180,21%,36%,"1,645","1,220",85,120,105,35,80,"1,645",575,745,205,55,"1,645",75,285,435,345,275,230
 Southview ,"1,550",165,270,40,"1,390",885,740,135,145,"$38,400","$70,000",760,15,160,1550,220,200,30,1045,135,305,60,755,520,420,340,32%,30%,605,470,45,55,15,10,10,605,140,310,95,20,605,40,95,195,105,95,75
 Southwood ,"6,095",935,755,125,"5,165","3,550","2,935",590,620,"$38,800","$80,000",2535,90,380,6100,675,1145,195,4065,380,885,95,2525,1925,1425,1115,19%,30%,"2,220","1,555",130,370,115,15,35,"2,220",430,"1,115",410,135,"2,220",95,375,580,390,375,405
 Springbank Hill ,"9,840","2,130",975,60,"7,710","5,530","4,715","1,160",615,"$51,600","$152,000",3275,95,165,9840,620,2720,175,6085,375,1035,70,3260,2530,2750,530,18%,44%,"2,795","2,250",145,200,70,30,100,"2,795",495,"1,475",645,100,"2,795",95,435,850,655,445,305
 Spruce Cliff ,"4,195",565,600,80,"3,635","2,315","1,975",365,340,"$41,600","$69,000",2200,105,480,4195,900,675,220,2845,545,675,130,2190,1510,905,1320,28%,32%,"1,320",965,70,160,60,30,35,"1,320",305,605,300,45,"1,320",50,195,380,270,240,185
 St. Andrews Heights ,"1,345",200,245,15,"1,145",665,615,190,50,"$49,600","$117,000",585,0,65,1345,130,250,0,840,105,260,30,585,425,360,225,11%,53%,430,215,35,25,140,15,0,430,200,190,30,0,430,10,35,155,120,60,50
 Strathcona Park ,"6,830","1,305","1,130",65,"5,515","3,490","3,035",730,460,"$55,600","$142,000",2420,20,115,6830,500,1615,135,4015,285,1200,85,2415,2055,2215,200,14%,30%,"1,705","1,320",75,180,45,20,70,"1,705",365,850,365,75,"1,705",80,205,420,435,340,225
 Sundance ,"9,590","1,645","1,450",70,"7,950","5,210","4,575",900,635,"$46,000","$129,000",3325,50,175,9595,535,2050,155,6025,280,1515,100,3325,2815,2980,350,14%,31%,"3,115","2,580",135,175,105,15,105,"3,115",765,"1,330",730,150,"3,115",270,515,"1,045",525,340,420
 Sunnyside ,"4,000",395,345,20,"3,605","2,905","2,575",455,330,"$46,000","$69,500",2385,155,430,4000,520,455,55,3180,435,365,35,2355,1590,760,1630,20%,39%,"1,425",775,30,245,240,70,65,"1,425",380,710,250,15,"1,425",40,185,420,410,235,135
 Sunualta  ,"3,090",220,130,10,"2,870","2,405","2,025",315,385,"$40,800","$58,000",1900,170,395,3090,575,245,60,2695,465,150,45,1885,1210,446,1440,24%,39%,"1,320",755,55,310,135,35,30,"1,320",300,595,245,65,"1,320",55,210,305,235,235,280
 Taradale ,"17,630","4,160","1,265",85,"13,470","9,335","8,020","1,410","1,320","$33,600","$100,000",4465,95,215,17635,1605,4955,650,11325,855,1350,100,4450,3265,3355,1110,25%,31%,"7,100","5,380",615,955,35,10,110,"7,100",845,"3,410","1,810",510,"7,100",425,"1,170","1,310","1,045","1,230","1,930"
 Temple ,"10,525","2,145","1,415",95,"8,380","5,300","4,450",720,850,"$36,800","$87,000",3435,120,325,10525,1205,2575,470,6440,625,1515,110,3425,2640,2585,855,19%,34%,"3,870","2,905",370,390,60,10,140,"3,870",830,"1,780",810,230,"3,870",325,660,885,605,560,835
 Thornecliff ,"8,695","1,460","1,170",250,"7,230","4,490","3,805",745,685,"$38,400","$73,500",3615,125,600,8695,1150,1750,355,5530,635,1420,165,3595,2740,2085,1530,17%,33%,"2,935","2,115",255,305,105,55,95,"2,935",685,"1,460",505,125,"2,935",165,550,810,490,450,465
 Tuscany ,"19,700","4,555","1,505",130,"15,140","10,945","9,830","1,580","1,120","$57,200","$142,000",6565,170,345,19700,1090,5700,430,12365,565,1635,100,6540,5520,5840,725,14%,32%,"6,025","4,990",205,445,175,30,185,"6,025",935,"2,675","1,750",425,"6,025",300,"1,205","1,790","1,200",750,775
 Tuxedo Park ,"5,165",725,575,65,"4,445","3,325","2,910",410,420,"$46,400","$85,000",2475,160,375,5170,540,800,50,3730,305,635,180,2450,1905,1155,1320,13%,30%,"1,870","1,310",140,215,130,35,40,"1,870",605,905,255,65,"1,870",120,290,525,395,310,235
 University Heights ,"2,965",395,375,30,"2,565","1,820","1,550",240,270,"$37,200","$65,500",1365,160,190,2960,540,465,95,2095,410,405,30,1305,865,385,980,5%,45%,"1,100",625,60,130,240,15,20,"1,100",270,615,155,15,"1,100",35,160,285,280,115,225
 Upper Mount Royal ,"2,735",450,405,15,"2,280","1,600","1,390",475,210,"$79,500","$196,000",1150,20,115,2740,225,555,50,1755,160,425,0,1145,900,835,315,13%,43%,785,565,20,20,135,20,20,785,365,315,85,15,785,20,110,230,205,145,75
 Valley Ridge ,"5,365",875,855,60,"4,485","2,840","2,525",485,320,"$55,200","$151,000",1915,25,60,5365,280,1115,85,3325,140,920,55,1910,1685,1825,90,10%,56%,"1,520","1,330",85,45,0,10,40,"1,520",245,720,425,65,"1,520",80,230,505,305,190,215
 Varsity ,"12,040","1,730","2,370",475,"10,300","6,195","5,395","1,000",800,"$44,800","$90,000",5415,285,865,12040,1440,2035,240,7150,905,2855,290,5385,3980,3370,2045,16%,43%,"3,345","2,310",200,310,275,120,125,"3,345",935,"1,520",680,105,"3,345",185,425,940,740,520,530
 Walden ,"7,650","1,690",400,65,"5,970","4,615","4,125",495,490,"$5,040","$109,000",2785,45,225,7650,450,1965,130,5230,260,460,55,2770,2020,2275,505,23%,48%,"3,000","2,495",155,180,60,0,105,"3,000",495,"1,390",745,200,"3,000",200,600,910,505,335,455
 West Hillhurst ,"6,635","1,280",805,80,"5,370","3,925","3,615",900,310,"$58,800","$123,000",2825,65,360,6635,505,1465,70,4295,280,875,155,2815,2200,1815,1010,15%,34%,"2,010","1,380",125,115,240,120,25,"2,010",660,915,345,35,"2,010",55,230,595,490,430,205
 West Springs ,"11,560","2,930",805,55,"8,620","6,255","5,470","1,070",790,"$62,400","$172,000",3740,80,155,11555,685,3650,255,7040,375,865,55,3710,3080,3295,450,14%,40%,"2,985","2,455",100,210,75,25,120,"2,985",495,"1,410",815,105,"2,985",125,505,900,615,385,460
 Westgate ,"3,225",530,480,100,"2,700","1,760","1,575",255,190,"$43,200","$90,000",1370,0,180,3225,290,595,55,2055,170,575,60,1370,1105,985,385,16%,29%,"1,115",855,75,105,20,20,45,"1,115",275,525,250,35,"1,115",65,185,300,245,195,130
 Whitehorn ,"11,085","2,115","1,540",75,"8,970","5,490","4,640",705,855,"$34,800","$88,000",3460,90,320,11085,1085,2475,355,6995,605,1620,125,3455,2775,2450,1015,17%,25%,"3,950","2,855",345,600,90,0,60,"3,950",915,"1,700",895,185,"3,950",355,550,850,540,605,"1,050"
 Wildwood ,"2,765",595,440,40,"2,175","1,435","1,280",350,155,"$63,200","$148,000",1080,0,60,2765,115,665,0,1615,70,480,25,1085,945,920,160,9%,38%,780,610,25,45,40,45,20,780,220,415,95,30,780,15,145,255,155,120,85
 Willow Park ,"5,090",810,965,175,"4,275","2,605","2,305",555,300,"$46,400","$108,000",2100,40,250,5090,460,975,105,2980,270,1140,90,2100,1715,1650,455,15%,30%,"1,415","1,130",95,105,65,0,15,"1,415",435,675,220,45,"1,415",75,280,370,255,190,240
 Windsor Park ,"4,410",540,590,105,"3,875","2,860","2,560",435,295,"$42,000","$67,000",2395,125,540,4410,610,605,85,3120,350,690,180,2375,1615,895,1500,24%,37%,"1,830","1,225",80,230,215,35,45,"1,830",555,815,265,105,"1,830",95,240,505,330,320,340
 Winston Heights/Mountainview ,"3,605",545,435,60,"3,070","2,300","2,015",425,280,"$50,400","$97,000",1655,55,240,3605,340,615,0,2500,190,490,120,1645,1270,970,680,15%,34%,"1,200",910,50,135,70,20,20,"1,200",380,555,145,60,"1,200",65,225,355,250,170,130
 Wolf Willow ,525,90,10,0,430,375,350,25,30,"$57,200","$112,000",210,0,0,525,0,110,0,400,0,15,0,215,170,210,0,19%,0%,290,230,25,10,0,10,15,290,50,160,50,15,290,25,80,75,30,35,40
 Woodbine ,"8,745","1,430","1,665",80,"7,320","4,615","3,960",860,660,"$48,400","$115,000",3325,80,170,8745,565,1710,190,5290,290,1745,80,3315,2775,2990,335,14%,36%,"2,605","2,250",95,125,50,0,75,"2,605",395,"1,285",680,120,"2,605",110,455,745,565,340,390
 Woodlands ,"5,830","1,065","1,150",80,"4,765","2,940","2,540",560,400,"$46,000","$95,000",2340,25,250,5830,535,1290,220,3315,260,1230,55,2340,1900,1680,660,14%,33%,"1,755","1,400",115,135,40,10,55,"1,755",320,925,375,55,"1,755",75,265,580,380,220,235
 Yorkville ,715,120,50,0,595,430,380,30,50,"$45,200","$112,000",260,0,0,715,0,140,0,520,0,55,0,265,215,245,15,18%,0%,295,215,25,45,0,0,0,295,50,145,45,30,295,10,20,95,75,60,35
,,,,,,,,,,,,,,,,,,,,,,,,,,,,,,,,,,,,,,,,,,,,,,,
,,,,,,,,,,,,,,,,,,,,,,,,,,,,,,,,,,,,,,,,,,,,,,,
,,,,,,,,,,,,,,,,,,,,,,,,,,,,,,,,,,,,,,,,,,,,,,,
,,,,,,,,,,,,,,,,,,,,,,,,,,,,,,,,,,,,,,,,,,,,,,,
,,,,,,,,,,,,,,,,,,,,,,,,,,,,,,,,,,,,,,,,,,,,,,,
,,,,,,,,,,,,,,,,,,,,,,,,,,,,,,,,,,,,,,,,,,,,,,,
,,,,,,,,,,,,,,,,,,,,,,,,,,,,,,,,,,,,,,,,,,,,,,,
,,,,,,,,,,,,,,,,,,,,,,,,,,,,,,,,,,,,,,,,,,,,,,,
,,,,,,,,,,,,,,,,,,,,,,,,,,,,,,,,,,,,,,,,,,,,,,,
,,,,,,,,,,,,,,,,,,,,,,,,,,,,,,,,,,,,,,,,,,,,,,,
,,,,,,,,,,,,,,,,,,,,,,,,,,,,,,,,,,,,,,,,,,,,,,,
,,,,,,,,,,,,,,,,,,,,,,,,,,,,,,,,,,,,,,,,,,,,,,,
,,,,,,,,,,,,,,,,,,,,,,,,,,,,,,,,,,,,,,,,,,,,,,,
,,,,,,,,,,,,,,,,,,,,,,,,,,,,,,,,,,,,,,,,,,,,,,,
,,,,,,,,,,,,,,,,,,,,,,,,,,,,,,,,,,,,,,,,,,,,,,,
,,,,,,,,,,,,,,,,,,,,,,,,,,,,,,,,,,,,,,,,,,,,,,,
,,,,,,,,,,,,,,,,,,,,,,,,,,,,,,,,,,,,,,,,,,,,,,,
,,,,,,,,,,,,,,,,,,,,,,,,,,,,,,,,,,,,,,,,,,,,,,,
,,,,,,,,,,,,,,,,,,,,,,,,,,,,,,,,,,,,,,,,,,,,,,,
,,,,,,,,,,,,,,,,,,,,,,,,,,,,,,,,,,,,,,,,,,,,,,,
,,,,,,,,,,,,,,,,,,,,,,,,,,,,,,,,,,,,,,,,,,,,,,,
,,,,,,,,,,,,,,,,,,,,,,,,,,,,,,,,,,,,,,,,,,,,,,,
,,,,,,,,,,,,,,,,,,,,,,,,,,,,,,,,,,,,,,,,,,,,,,,
,,,,,,,,,,,,,,,,,,,,,,,,,,,,,,,,,,,,,,,,,,,,,,,
,,,,,,,,,,,,,,,,,,,,,,,,,,,,,,,,,,,,,,,,,,,,,,,
,,,,,,,,,,,,,,,,,,,,,,,,,,,,,,,,,,,,,,,,,,,,,,,
,,,,,,,,,,,,,,,,,,,,,,,,,,,,,,,,,,,,,,,,,,,,,,,
,,,,,,,,,,,,,,,,,,,,,,,,,,,,,,,,,,,,,,,,,,,,,,,
,,,,,,,,,,,,,,,,,,,,,,,,,,,,,,,,,,,,,,,,,,,,,,,
,,,,,,,,,,,,,,,,,,,,,,,,,,,,,,,,,,,,,,,,,,,,,,,
,,,,,,,,,,,,,,,,,,,,,,,,,,,,,,,,,,,,,,,,,,,,,,,
,,,,,,,,,,,,,,,,,,,,,,,,,,,,,,,,,,,,,,,,,,,,,,,
,,,,,,,,,,,,,,,,,,,,,,,,,,,,,,,,,,,,,,,,,,,,,,,
,,,,,,,,,,,,,,,,,,,,,,,,,,,,,,,,,,,,,,,,,,,,,,,
,,,,,,,,,,,,,,,,,,,,,,,,,,,,,,,,,,,,,,,,,,,,,,,
,,,,,,,,,,,,,,,,,,,,,,,,,,,,,,,,,,,,,,,,,,,,,,,
,,,,,,,,,,,,,,,,,,,,,,,,,,,,,,,,,,,,,,,,,,,,,,,
,,,,,,,,,,,,,,,,,,,,,,,,,,,,,,,,,,,,,,,,,,,,,,,
,,,,,,,,,,,,,,,,,,,,,,,,,,,,,,,,,,,,,,,,,,,,,,,
,,,,,,,,,,,,,,,,,,,,,,,,,,,,,,,,,,,,,,,,,,,,,,,
,,,,,,,,,,,,,,,,,,,,,,,,,,,,,,,,,,,,,,,,,,,,,,,
,,,,,,,,,,,,,,,,,,,,,,,,,,,,,,,,,,,,,,,,,,,,,,,
,,,,,,,,,,,,,,,,,,,,,,,,,,,,,,,,,,,,,,,,,,,,,,,
,,,,,,,,,,,,,,,,,,,,,,,,,,,,,,,,,,,,,,,,,,,,,,,
,,,,,,,,,,,,,,,,,,,,,,,,,,,,,,,,,,,,,,,,,,,,,,,
,,,,,,,,,,,,,,,,,,,,,,,,,,,,,,,,,,,,,,,,,,,,,,,
,,,,,,,,,,,,,,,,,,,,,,,,,,,,,,,,,,,,,,,,,,,,,,,
,,,,,,,,,,,,,,,,,,,,,,,,,,,,,,,,,,,,,,,,,,,,,,,
,,,,,,,,,,,,,,,,,,,,,,,,,,,,,,,,,,,,,,,,,,,,,,,
,,,,,,,,,,,,,,,,,,,,,,,,,,,,,,,,,,,,,,,,,,,,,,,
,,,,,,,,,,,,,,,,,,,,,,,,,,,,,,,,,,,,,,,,,,,,,,,
,,,,,,,,,,,,,,,,,,,,,,,,,,,,,,,,,,,,,,,,,,,,,,,
,,,,,,,,,,,,,,,,,,,,,,,,,,,,,,,,,,,,,,,,,,,,,,,
,,,,,,,,,,,,,,,,,,,,,,,,,,,,,,,,,,,,,,,,,,,,,,,
,,,,,,,,,,,,,,,,,,,,,,,,,,,,,,,,,,,,,,,,,,,,,,,
,,,,,,,,,,,,,,,,,,,,,,,,,,,,,,,,,,,,,,,,,,,,,,,
,,,,,,,,,,,,,,,,,,,,,,,,,,,,,,,,,,,,,,,,,,,,,,,
,,,,,,,,,,,,,,,,,,,,,,,,,,,,,,,,,,,,,,,,,,,,,,,
,,,,,,,,,,,,,,,,,,,,,,,,,,,,,,,,,,,,,,,,,,,,,,,
,,,,,,,,,,,,,,,,,,,,,,,,,,,,,,,,,,,,,,,,,,,,,,,
,,,,,,,,,,,,,,,,,,,,,,,,,,,,,,,,,,,,,,,,,,,,,,,
,,,,,,,,,,,,,,,,,,,,,,,,,,,,,,,,,,,,,,,,,,,,,,,
,,,,,,,,,,,,,,,,,,,,,,,,,,,,,,,,,,,,,,,,,,,,,,,
,,,,,,,,,,,,,,,,,,,,,,,,,,,,,,,,,,,,,,,,,,,,,,,
,,,,,,,,,,,,,,,,,,,,,,,,,,,,,,,,,,,,,,,,,,,,,,,